Time,Ping (ms),Download (Mbit/s),Upload (Mbit/s)
2019-09-27T00:40:52.263865,22.741,26.32,5.87
2019-09-27T00:50:39.991391,22.54,28.13,5.91
2019-09-27T01:00:40.259090,24.548,27.16,6.01
2019-09-27T01:10:39.810895,22.565,26.83,5.98
2019-09-27T01:20:39.756857,23.374,28.60,5.95
2019-09-27T01:30:40.586347,22.475,27.36,5.85
2019-09-27T01:40:40.068321,22.117,28.06,6.02
2019-09-27T01:50:39.347806,22.476,28.49,5.94
2019-09-27T02:00:39.942795,22.745,28.38,5.99
2019-09-27T02:10:39.507721,22.653,27.07,6.03
2019-09-27T02:20:39.588532,22.797,28.25,6.00
2019-09-27T02:30:40.123589,22.704,26.32,6.02
2019-09-27T02:40:39.992424,22.698,27.16,5.87
2019-09-27T02:50:39.691327,22.479,28.36,6.04
2019-09-27T03:00:40.436300,23.452,27.24,5.98
2019-09-27T03:10:39.859304,22.531,27.49,5.97
2019-09-27T03:20:39.510718,22.423,27.42,6.01
2019-09-27T03:30:39.949065,22.824,28.35,6.01
2019-09-27T03:40:39.642876,23.196,28.29,6.00
2019-09-27T03:50:40.081871,22.58,27.58,6.05
2019-09-27T04:00:39.735426,22.601,27.65,5.97
2019-09-27T04:10:40.718356,22.905,27.94,5.93
2019-09-27T04:20:39.682153,22.967,27.50,5.94
2019-09-27T04:30:40.211209,22.587,28.67,6.04
2019-09-27T04:40:39.932984,22.783,27.44,5.85
2019-09-27T04:50:39.548024,23.225,28.46,6.02
2019-09-27T05:00:40.010468,22.9,28.23,6.04
2019-09-27T05:10:39.442230,24.006,27.92,6.05
2019-09-27T05:20:40.277561,22.675,28.66,5.98
2019-09-27T05:30:40.106079,23.717,28.74,5.70
2019-09-27T05:40:39.791821,22.828,27.98,5.87
2019-09-27T05:50:39.717799,22.367,28.00,5.99
2019-09-27T06:00:40.485759,23.663,27.62,5.95
2019-09-27T06:10:40.372636,23.001,27.60,5.94
2019-09-27T06:20:40.257275,22.841,28.40,5.96
2019-09-27T06:30:40.164764,22.989,27.16,6.01
2019-09-27T06:40:39.612510,23.135,28.08,6.04
2019-09-27T06:50:40.130274,21.934,27.85,6.02
2019-09-27T07:00:41.309666,22.236,22.31,6.01
2019-09-27T07:10:39.729030,22.22,28.61,6.03
2019-09-27T07:20:39.933668,22.403,26.92,5.85
2019-09-27T07:30:39.710138,22.642,27.36,5.84
2019-09-27T07:40:40.100415,22.014,28.03,6.01
2019-09-27T07:50:40.001676,23.302,27.98,5.92
2019-09-27T08:00:39.800262,22.925,28.36,5.85
2019-09-27T08:10:39.291547,22.814,28.77,6.05
2019-09-27T08:20:40.096829,22.671,26.97,5.91
2019-09-27T08:30:39.521306,22.263,28.26,6.01
2019-09-27T08:40:40.294470,22.237,27.95,5.84
2019-09-27T08:50:39.714520,22.141,27.34,5.39
2019-09-27T09:00:40.364848,22.21,28.16,5.90
2019-09-27T09:10:40.073377,22.688,27.23,5.90
2019-09-27T09:20:39.891883,22.673,27.84,5.95
2019-09-27T09:30:39.519504,22.172,27.61,6.04
2019-09-27T09:40:40.099529,22.64,28.13,5.93
2019-09-27T09:50:39.497130,21.908,27.74,6.01
2019-09-27T10:00:40.147767,22.711,27.92,6.03
2019-09-27T10:10:39.725583,22.043,28.13,5.86
2019-09-27T10:20:40.493233,21.755,25.47,5.96
2019-09-27T10:30:39.985292,22.69,28.55,5.99
2019-09-27T10:40:39.520617,21.975,27.76,5.89
2019-09-27T10:50:39.831433,22.513,28.40,6.00
2019-09-27T11:00:39.582817,22.417,27.51,5.86
2019-09-27T11:10:40.045478,22.833,27.89,6.02
2019-09-27T11:20:40.372699,22.437,28.58,5.92
2019-09-27T11:30:39.956891,22.674,27.87,6.00
2019-09-27T11:40:39.602268,22.13,27.18,5.93
2019-09-27T11:50:40.069517,22.562,27.04,5.96
2019-09-27T12:00:39.395145,22.807,28.82,6.04
2019-09-27T12:10:39.726602,22.206,27.79,5.97
2019-09-27T12:20:39.327835,22.482,27.97,5.99
2019-09-27T12:30:39.821583,22.247,27.46,6.03
2019-09-27T12:40:39.606737,21.814,27.58,5.97
2019-09-27T12:50:40.239510,22.659,27.95,6.00
2019-09-27T13:00:39.755987,22.604,27.34,5.93
2019-09-27T13:10:40.395600,22.153,27.22,5.94
2019-09-27T13:20:40.175880,22.47,27.62,5.92
2019-09-27T13:30:39.749719,22.177,27.63,6.00
2019-09-27T13:40:40.101409,22.637,26.54,5.95
2019-09-27T13:50:39.672635,22.57,27.49,5.84
2019-09-27T14:00:40.010713,22.559,27.78,6.00
2019-09-27T14:10:39.869048,22.856,27.58,5.99
2019-09-27T14:20:39.534815,22.128,28.02,6.00
2019-09-27T14:30:40.494976,22.904,27.17,5.85
2019-09-27T14:40:40.052058,22.666,27.85,5.99
2019-09-27T14:50:39.563145,22.725,28.05,6.03
2019-09-27T15:00:41.873651,22.235,27.48,4.92
2019-09-27T15:10:39.314874,22.729,27.93,5.94
2019-09-27T15:20:40.212973,22.991,27.32,5.96
2019-09-27T15:30:40.199564,23.058,29.22,6.02
2019-09-27T15:40:39.802482,21.741,27.07,5.98
2019-09-27T15:50:39.825134,22.723,28.36,5.99
2019-09-27T16:00:39.315760,21.873,27.14,5.98
2019-09-27T16:10:39.647174,22.702,28.32,5.80
2019-09-27T16:20:39.562824,23.087,28.45,5.78
2019-09-27T16:30:40.033890,22.416,27.83,5.98
2019-09-27T16:40:39.672730,23.819,26.95,5.85
2019-09-27T16:50:40.075610,22.767,27.84,5.95
2019-09-27T17:00:40.021054,23.017,27.81,5.99
2019-09-27T17:10:39.437452,22.853,29.21,5.89
2019-09-27T17:20:40.700756,21.895,26.93,5.91
2019-09-27T17:50:39.826743,22.587,27.30,5.87
2019-09-27T18:00:39.653980,22.47,27.44,5.99
2019-09-27T18:10:40.200499,23.294,27.96,5.99
2019-09-27T18:20:41.439375,22.507,27.22,5.84
2019-09-27T18:40:42.008800,22.489,26.32,5.87
2019-09-27T18:50:40.524983,22.493,28.05,5.93
2019-09-27T19:00:40.963824,22.795,25.23,5.98
2019-09-27T19:10:39.357500,22.822,28.56,6.00
2019-09-27T19:20:40.715455,22.654,26.95,5.91
2019-09-27T19:30:39.439925,22.8,28.06,5.97
2019-09-27T19:40:39.940850,22.276,26.94,5.78
2019-09-27T19:50:39.584330,22.087,27.64,5.97
2019-09-27T20:00:40.291499,22.599,27.19,6.00
2019-09-27T20:10:39.614925,22.438,27.11,5.97
2019-09-27T20:20:39.594154,23.005,27.08,5.95
2019-09-27T20:30:40.504523,22.73,28.95,5.91
2019-09-27T20:40:40.333654,22.943,27.37,5.91
2019-09-27T20:50:39.928094,22.269,27.96,5.95
2019-09-27T21:00:39.546432,22.408,27.61,5.92
2019-09-27T21:10:40.025656,22.523,28.18,6.01
2019-09-27T21:20:40.203315,22.106,27.55,5.83
2019-09-27T21:30:40.023184,22.627,27.27,5.94
2019-09-27T21:40:39.718122,23.328,27.78,5.86
2019-09-27T21:50:40.144344,22.579,27.90,5.95
2019-09-27T22:00:39.828072,22.974,26.13,5.94
2019-09-27T22:10:39.482191,22.314,28.45,5.87
2019-09-27T22:20:39.403359,22.762,28.10,6.01
2019-09-27T22:30:40.084979,22.562,26.94,5.96
2019-09-27T22:40:40.424372,23.003,28.73,5.50
2019-09-27T22:50:40.949844,22.664,26.93,5.94
2019-09-27T23:00:40.269308,22.821,27.97,5.88
2019-09-27T23:10:40.232353,22.58,26.99,5.74
2019-09-27T23:20:40.873648,22.827,27.95,5.88
2019-09-27T23:30:40.593017,22.359,25.54,5.85
2019-09-27T23:40:41.393852,22.869,28.14,5.88
2019-09-27T23:50:39.852544,22.553,28.53,5.99
2019-09-28T00:00:39.363759,22.73,28.26,6.03
2019-09-28T00:10:39.902225,22.894,28.71,6.00
2019-09-28T00:20:39.708956,22.49,28.24,5.96
2019-09-28T00:30:40.313677,22.466,27.50,5.92
2019-09-28T00:40:40.304906,22.652,27.42,5.97
2019-09-28T00:50:39.848532,22.757,28.07,5.61
2019-09-28T01:00:39.320300,22.338,27.14,5.97
2019-09-28T01:10:39.791084,22.852,27.48,5.95
2019-09-28T01:20:39.768067,22.134,27.65,5.85
2019-09-28T01:30:40.460824,22.656,27.17,5.82
2019-09-28T01:40:40.153742,22.654,27.91,5.92
2019-09-28T01:50:40.004378,22.698,27.92,5.91
2019-09-28T02:00:39.998993,22.551,28.97,5.88
2019-09-28T02:10:39.944085,22.609,28.04,6.00
2019-09-28T02:20:40.046036,22.98,27.84,5.88
2019-09-28T02:30:39.592061,22.066,27.33,5.93
2019-09-28T02:40:40.210717,22.52,26.44,5.85
2019-09-28T02:50:39.701443,22.111,28.32,5.94
2019-09-28T03:00:40.241886,22.432,27.99,6.01
2019-09-28T03:10:39.696798,22.542,26.99,5.95
2019-09-28T03:20:39.825622,22.495,26.77,5.77
2019-09-28T03:30:39.848173,22.595,27.59,5.92
2019-09-28T03:40:39.515592,22.757,27.44,5.96
2019-09-28T03:50:40.676924,22.194,28.23,5.96
2019-09-28T04:00:40.077953,23.237,28.90,6.00
2019-09-28T04:10:39.887520,24.022,29.05,6.00
2019-09-28T04:20:39.821773,22.54,28.03,5.93
2019-09-28T04:30:39.545155,22.508,27.35,5.87
2019-09-28T04:40:40.214647,22.169,26.81,5.96
2019-09-28T04:50:39.731956,22.578,27.28,5.98
2019-09-28T05:00:40.946025,24.023,26.83,5.97
2019-09-28T05:10:39.577087,22.781,28.07,5.97
2019-09-28T05:20:40.237699,23.585,29.08,6.01
2019-09-28T05:30:39.690551,22.888,27.96,5.98
2019-09-28T05:40:40.332561,22.909,27.75,5.89
2019-09-28T05:50:40.008766,22.613,28.17,5.87
2019-09-28T06:00:39.620986,22.961,28.16,5.95
2019-09-28T06:10:40.147965,22.708,27.78,5.97
2019-09-28T06:20:40.034026,23.114,27.96,5.94
2019-09-28T06:30:39.682481,22.364,27.14,5.96
2019-09-28T06:40:40.628493,22.979,27.04,5.88
2019-09-28T06:50:40.488423,22.852,28.06,5.88
2019-09-28T07:00:40.122594,22.816,27.64,5.99
2019-09-28T07:10:39.872946,22.477,26.82,5.91
2019-09-28T07:20:39.645665,21.915,27.43,6.03
2019-09-28T07:30:40.170861,23.084,26.55,5.93
2019-09-28T07:40:40.019862,22.991,17.74,6.00
2019-09-28T07:50:39.685161,22.397,27.94,5.91
2019-09-28T08:00:45.402996,22.121,16.62,5.93
2019-09-28T08:10:47.043311,22.611,11.85,5.99
2019-09-28T08:20:46.251551,22.656,16.16,6.04
2019-09-28T08:30:48.168044,23.835,11.87,5.85
2019-09-28T08:40:44.841172,22.317,22.74,5.63
2019-09-28T08:50:42.584320,22.974,18.59,5.98
2019-09-28T09:00:40.549465,22.705,15.07,5.83
2019-09-28T09:10:45.299778,22.124,15.48,5.93
2019-09-28T09:20:40.352729,22.534,22.17,5.99
2019-09-28T09:30:43.152988,22.68,7.16,5.96
2019-09-28T09:40:45.180651,22.656,24.61,5.98
2019-09-28T09:50:40.302273,26.141,13.02,5.97
2019-09-28T10:00:45.317793,23.533,11.50,5.75
2019-09-28T10:10:51.527414,22.808,2.61,5.22
2019-09-28T10:20:46.488095,22.725,1.54,4.72
2019-09-28T10:30:47.122174,21.918,9.12,5.15
2019-09-28T10:40:41.038243,22.86,13.50,4.97
2019-09-28T10:50:45.313153,27.964,13.79,5.96
2019-09-28T11:00:42.200559,22.599,15.89,4.62
2019-09-28T11:10:39.534268,22.117,18.98,6.00
2019-09-28T11:20:39.272000,22.226,28.14,6.04
2019-09-28T11:30:41.030547,22.8,23.05,6.04
2019-09-28T11:40:39.395825,22.506,27.96,6.07
2019-09-28T11:50:45.090478,26.894,19.41,5.97
2019-09-28T12:00:39.646537,22.173,23.41,5.92
2019-09-28T12:10:40.335492,22.819,25.17,6.04
2019-09-28T12:20:40.416221,22.171,26.38,6.03
2019-09-28T12:30:40.158889,22.531,15.93,5.93
2019-09-28T12:40:44.183075,22.715,13.57,6.04
2019-09-28T12:50:42.241923,22.253,18.31,4.79
2019-09-28T13:00:43.314655,22.175,16.17,4.49
2019-09-28T13:10:39.871692,22.091,19.43,5.92
2019-09-28T13:20:40.751932,22.772,24.49,5.93
2019-09-28T13:30:40.016222,22.064,23.99,5.91
2019-09-28T13:40:39.657134,22.709,24.51,6.07
2019-09-28T13:50:40.428495,22.446,15.88,5.94
2019-09-28T14:00:40.148460,22.832,9.85,5.98
2019-09-28T14:10:39.727073,21.776,21.23,6.01
2019-09-28T14:20:39.985483,22.826,26.61,5.99
2019-09-28T14:30:39.720266,22.707,9.50,5.68
2019-09-28T14:40:40.410969,22.071,13.60,5.98
2019-09-28T14:50:40.011438,22.301,23.43,5.99
2019-09-28T15:00:39.769549,22.372,23.79,6.01
2019-09-28T15:10:56.656184,22.185,23.38,5.56
2019-09-28T15:20:41.961992,22.822,17.10,5.97
2019-09-28T15:30:39.295721,22.505,21.98,6.03
2019-09-28T15:40:40.073074,22.496,25.67,5.98
2019-09-28T15:50:41.338772,22.482,21.59,6.01
2019-09-28T16:00:39.870873,22.585,28.27,6.02
2019-09-28T16:10:39.330226,21.99,26.87,5.89
2019-09-28T16:20:40.885051,22.603,28.36,5.94
2019-09-28T16:30:41.656469,22.418,21.48,5.97
2019-09-28T16:40:40.142878,22.605,20.27,6.03
2019-09-28T16:50:39.925293,22.755,28.02,5.83
2019-09-28T17:00:50.127511,23.071,13.46,5.93
2019-09-28T17:10:39.684996,22.694,12.00,5.90
2019-09-28T17:30:42.827857,22.224,7.01,5.86
2019-09-28T17:40:49.873452,22.648,10.36,4.08
2019-09-28T17:50:44.755858,22.3,6.18,5.95
2019-09-28T18:10:42.382651,22.8,23.31,5.78
2019-09-28T18:20:40.296868,22.511,29.07,6.04
2019-09-28T18:30:40.326931,22.896,28.05,5.87
2019-09-28T18:40:39.741859,22.4,28.04,5.98
2019-09-28T18:50:40.184825,22.624,29.50,5.87
2019-09-28T19:00:39.734254,21.956,27.76,6.01
2019-09-28T19:10:40.248189,22.356,27.88,5.96
2019-09-28T19:20:39.823104,22.472,28.48,5.98
2019-09-28T19:30:40.011697,22.424,28.32,5.85
2019-09-28T19:40:39.324413,22.109,26.32,5.98
2019-09-28T19:50:39.770539,21.782,27.86,5.96
2019-09-28T20:00:40.508712,22.908,28.95,5.90
2019-09-28T20:10:40.052213,22.306,28.56,6.05
2019-09-28T20:20:40.574272,22.211,26.13,6.01
2019-09-28T20:30:40.006488,22.669,28.40,5.98
2019-09-28T20:40:39.623827,22.736,27.23,5.86
2019-09-28T20:50:40.352219,22.571,28.23,5.95
2019-09-28T21:00:39.830242,22.419,28.91,5.94
2019-09-28T21:10:39.917852,23.198,27.82,5.96
2019-09-28T21:20:39.760814,22.795,28.65,5.96
2019-09-28T21:30:40.599627,27.627,28.31,5.97
2019-09-28T21:40:40.242801,22.234,27.91,5.91
2019-09-28T21:50:39.671644,22.605,27.68,6.01
2019-09-28T22:00:40.270857,22.556,28.36,5.96
2019-09-28T22:10:40.011526,21.944,27.96,5.93
2019-09-28T22:20:39.677193,21.732,27.57,5.83
2019-09-28T22:30:40.479058,22.465,28.05,5.96
2019-09-28T22:40:39.916088,22.113,28.27,5.73
2019-09-28T22:50:40.092760,22.224,25.43,6.03
2019-09-28T23:00:39.906022,22.072,28.32,5.88
2019-09-28T23:10:40.144287,22.294,5.99,5.98
2019-09-28T23:20:40.087274,22.228,27.01,6.00
2019-09-28T23:30:40.102535,22.747,27.74,4.90
2019-09-28T23:40:39.625828,21.914,28.33,5.08
2019-09-28T23:50:39.958988,23.88,28.15,5.04
2019-09-29T00:00:39.592219,22.524,28.92,5.89
2019-09-29T00:10:39.995966,22.228,27.15,5.97
2019-09-29T00:20:39.772088,22.014,27.79,5.99
2019-09-29T00:30:40.436271,22.167,27.41,5.90
2019-09-29T00:40:40.046937,22.934,25.83,5.86
2019-09-29T00:50:40.261361,22.208,26.99,5.59
2019-09-29T01:00:40.497610,22.8,28.98,5.96
2019-09-29T01:10:40.229513,22.803,27.55,5.96
2019-09-29T01:20:40.326100,22.247,27.52,5.84
2019-09-29T01:30:40.075406,22.382,28.16,5.97
2019-09-29T01:40:39.312647,24.11,28.46,5.99
2019-09-29T01:50:40.313389,24.255,26.99,5.78
2019-09-29T02:00:39.806581,22.853,27.67,5.93
2019-09-29T02:10:39.220250,21.983,27.70,5.95
2019-09-29T02:20:40.392059,22.522,27.27,5.90
2019-09-29T02:30:39.983824,22.109,27.67,6.05
2019-09-29T02:40:39.408760,22.818,28.17,5.96
2019-09-29T02:50:40.024292,22.915,28.73,6.02
2019-09-29T03:00:39.475647,21.81,27.16,6.03
2019-09-29T03:10:40.422360,22.315,27.75,5.97
2019-09-29T03:20:41.272064,21.993,28.46,5.43
2019-09-29T03:30:39.773708,22.246,27.11,5.95
2019-09-29T03:40:40.120067,22.293,26.16,6.03
2019-09-29T03:50:45.439223,22.86,6.70,2.29
2019-09-29T04:00:57.011916,23.388,2.67,5.98
2019-09-29T04:10:45.967353,23.086,1.63,5.27
2019-09-29T04:40:40.528368,22.216,1.72,4.01
2019-09-29T04:50:54.993996,28.199,1.75,5.15
2019-09-29T05:00:39.719221,22.666,27.79,5.88
2019-09-29T05:10:40.236119,22.094,27.59,5.96
2019-09-29T05:20:40.158931,22.477,27.99,5.96
2019-09-29T05:30:39.829039,23.242,27.88,6.04
2019-09-29T05:40:39.640809,22.454,28.75,6.01
2019-09-29T05:50:40.097070,22.382,26.87,5.88
2019-09-29T06:00:39.556966,22.645,28.63,6.02
2019-09-29T06:10:40.038480,22.478,27.22,5.99
2019-09-29T06:20:39.646487,22.906,27.48,5.97
2019-09-29T06:30:40.350433,22.655,27.71,5.88
2019-09-29T06:40:39.989726,22.068,27.43,5.93
2019-09-29T07:00:40.338483,22.673,27.73,6.03
2019-09-29T07:10:39.884107,22.316,26.72,6.00
2019-09-29T07:20:39.672061,23.426,28.35,5.95
2019-09-29T07:30:41.093188,22.189,27.27,5.46
2019-09-29T07:40:39.666769,22.983,28.13,5.98
2019-09-29T07:50:40.242295,22.479,27.66,5.95
2019-09-29T08:00:39.764392,21.375,26.87,5.89
2019-09-29T08:10:40.356032,22.288,27.56,5.90
2019-09-29T08:20:40.469989,22.181,26.63,6.02
2019-09-29T08:30:40.608710,22.614,26.69,5.84
2019-09-29T17:20:40.955177,21.964,26.99,5.83
2019-09-29T17:30:39.409637,22.41,27.83,5.96
2019-09-29T17:40:39.920243,22.487,28.39,5.87
2019-09-29T17:50:39.270539,22.074,28.24,5.99
2019-09-29T18:00:39.907411,22.325,28.14,5.98
2019-09-29T18:10:39.668499,22.196,28.31,5.93
2019-09-29T18:20:39.670640,22.704,27.11,5.92
2019-09-30T19:20:40.793424,22.644,28.02,5.96
2019-10-01T00:20:40.174783,22.003,15.39,5.95
2019-10-01T00:40:45.282783,23.721,21.10,5.68
2019-10-01T01:00:39.845160,22.577,26.43,5.97
2019-10-01T01:20:39.707415,22.449,16.80,5.62
2019-10-01T01:40:40.234509,22.84,28.32,6.06
2019-10-01T02:00:39.694151,23.476,28.31,5.88
2019-10-01T02:20:39.472374,22.146,27.29,5.87
2019-10-01T02:40:40.275010,23.145,28.23,5.96
2019-10-01T03:00:39.911944,22.675,27.18,5.93
2019-10-01T03:20:39.416929,23.086,24.96,5.92
2019-10-01T03:40:39.804184,24.003,26.68,5.95
2019-10-01T04:00:39.582363,22.608,27.44,6.00
2019-10-01T04:20:39.379035,22.748,28.65,6.05
2019-10-01T04:40:41.745375,23.216,27.90,5.01
2019-10-01T05:00:40.446564,22.781,27.54,5.84
2019-10-01T05:20:42.219583,22.737,25.85,5.09
2019-10-01T05:40:39.572443,22.278,27.73,5.95
2019-10-01T06:00:40.209090,22.539,27.95,5.92
2019-10-01T06:20:40.085204,21.52,27.00,5.95
2019-10-01T06:40:40.038896,22.207,28.80,5.97
2019-10-01T07:00:43.520494,22.717,27.76,5.85
2019-10-01T07:20:39.291148,22.439,27.85,6.04
2019-10-01T07:40:39.534838,22.032,28.45,5.87
2019-10-01T08:00:39.814157,21.829,27.91,6.01
2019-10-01T08:20:39.494889,22.07,27.64,6.03
2019-10-01T08:40:39.820724,22.356,28.03,5.98
2019-10-01T09:00:39.536051,22.081,27.30,6.02
2019-10-01T09:20:39.403210,21.804,26.32,5.99
2019-10-01T09:40:39.929457,22.17,27.26,5.95
2019-10-01T10:00:39.365649,22.638,26.92,5.89
2019-10-01T10:20:40.110805,22.134,27.66,5.94
2019-10-01T10:40:39.683891,21.965,27.02,6.01
2019-10-01T11:00:40.209693,22.1,28.84,5.99
2019-10-01T11:20:39.904984,21.772,27.75,5.97
2019-10-01T11:40:39.350481,21.886,27.78,5.88
2019-10-01T12:00:39.618785,21.851,27.23,5.92
2019-10-01T12:20:39.745753,21.741,27.25,5.87
2019-10-01T12:40:40.118921,22.62,28.38,6.01
2019-10-01T13:00:39.459976,22.239,27.41,6.04
2019-10-01T13:20:40.058204,21.712,27.48,6.03
2019-10-01T13:40:40.147759,22.402,27.40,6.00
2019-10-01T14:00:40.953603,22.132,26.09,5.29
2019-10-01T14:20:39.504757,22.166,27.96,6.01
2019-10-01T14:40:40.025357,21.885,26.73,6.02
2019-10-01T15:00:39.349785,22.143,28.36,6.03
2019-10-01T15:20:40.296256,21.999,27.66,5.95
2019-10-01T15:40:39.843507,21.9,27.97,5.84
2019-10-01T16:00:39.419672,22.454,27.25,6.03
2019-10-01T16:20:40.508195,24.0,27.35,5.83
2019-10-01T16:40:44.951579,22.139,19.00,5.88
2019-10-01T17:00:39.922380,22.387,25.06,5.91
2019-10-01T17:20:39.584137,23.095,28.40,6.02
2019-10-01T17:40:39.802393,22.008,24.89,5.92
2019-10-01T18:00:39.464649,22.543,27.80,5.93
2019-10-01T18:20:40.228283,22.824,29.05,5.83
2019-10-01T18:40:40.191279,23.196,27.97,5.56
2019-10-01T19:00:41.135836,22.429,14.91,5.92
2019-10-01T19:20:40.541426,21.963,18.92,5.83
2019-10-01T19:40:39.915833,22.271,28.36,6.03
2019-10-01T20:00:39.177731,21.809,18.11,6.01
2019-10-01T20:20:50.065731,22.609,5.42,5.85
2019-10-01T20:40:44.636342,22.187,28.55,5.93
2019-10-01T21:00:39.825348,23.105,27.75,6.01
2019-10-01T21:20:39.696349,22.363,27.72,5.89
2019-10-01T21:40:40.133266,22.773,28.31,5.90
2019-10-01T22:00:39.574421,23.305,29.02,5.96
2019-10-01T22:20:39.438116,23.586,29.47,6.06
2019-10-01T22:40:40.195553,22.523,28.42,5.83
2019-10-01T23:00:39.912081,22.091,28.07,5.85
2019-10-01T23:20:39.786695,22.495,28.11,5.95
2019-10-01T23:40:39.319445,22.172,27.63,5.93
2019-10-02T00:00:39.968073,22.62,28.19,4.57
2019-10-02T00:20:40.050323,22.658,25.52,2.76
2019-10-02T00:40:39.693256,23.757,26.46,3.07
2019-10-02T01:00:40.390305,23.735,27.88,2.99
2019-10-02T01:20:40.406174,22.917,28.04,4.89
2019-10-02T01:40:39.871450,21.667,29.08,5.21
2019-10-02T02:00:40.552619,21.92,18.55,3.05
2019-10-02T02:20:44.402796,22.655,23.31,2.61
2019-10-02T02:40:39.846791,22.493,27.03,6.05
2019-10-02T03:00:39.488223,23.108,28.16,5.96
2019-10-02T03:20:39.700013,22.296,28.96,5.86
2019-10-02T03:40:40.362692,22.431,25.11,5.88
2019-10-02T04:00:39.956142,23.065,20.82,5.99
2019-10-02T04:20:39.802278,22.151,27.59,5.87
2019-10-02T04:40:39.262951,22.306,24.26,6.06
2019-10-02T05:00:39.656985,23.598,28.34,5.96
2019-10-02T05:20:39.276644,22.128,28.46,6.03
2019-10-02T05:40:39.761001,22.511,27.38,5.96
2019-10-02T06:00:40.472174,22.584,26.74,5.84
2019-10-02T06:20:39.294132,22.443,27.20,5.89
2019-10-02T06:40:39.899496,22.205,28.37,5.96
2019-10-02T07:00:42.423662,22.383,23.58,5.10
2019-10-02T07:20:39.875883,22.131,26.77,6.07
2019-10-02T07:40:39.302758,22.372,27.05,6.01
2019-10-02T08:00:39.783099,23.326,28.53,5.99
2019-10-02T08:20:39.312725,21.723,27.11,5.97
2019-10-02T08:40:39.674640,22.42,28.32,5.92
2019-10-02T09:00:40.495954,22.472,26.72,6.05
2019-10-02T09:20:39.209608,22.562,27.85,5.95
2019-10-02T09:40:39.789769,22.054,28.70,5.99
2019-10-02T10:00:39.131304,22.445,27.47,6.00
2019-10-02T10:20:40.057409,22.836,27.80,5.98
2019-10-02T10:40:39.461311,21.862,26.66,5.93
2019-10-02T11:00:40.031515,22.748,27.61,5.92
2019-10-02T11:20:40.026192,22.005,28.22,6.00
2019-10-02T11:40:39.444751,21.881,28.89,6.07
2019-10-02T12:00:39.923172,21.954,27.43,5.94
2019-10-02T12:20:39.947856,21.968,28.14,5.80
2019-10-02T12:40:39.335248,22.725,27.33,5.95
2019-10-02T13:00:39.774864,22.267,27.99,5.95
2019-10-02T13:20:39.549760,22.458,28.37,5.98
2019-10-02T13:40:39.489079,22.034,27.59,6.00
2019-10-02T14:00:40.184058,21.973,27.51,5.98
2019-10-02T14:20:39.991194,22.065,27.69,5.87
2019-10-02T14:40:39.486002,22.264,28.84,5.99
2019-10-02T15:00:39.985612,22.072,28.22,5.88
2019-10-02T15:20:40.347094,22.279,26.91,5.80
2019-10-02T15:40:39.959147,22.199,27.45,5.96
2019-10-02T16:00:39.562984,23.261,28.60,5.96
2019-10-02T16:20:40.626629,22.73,24.49,5.26
2019-10-02T16:40:40.076546,22.39,28.37,5.97
2019-10-02T17:00:41.664507,25.493,27.20,5.00
2019-10-02T17:20:39.731315,22.159,24.06,5.92
2019-10-02T17:40:40.490008,27.596,26.79,5.71
2019-10-02T18:00:39.770475,22.403,28.39,6.00
2019-10-02T18:20:39.305835,22.127,28.13,5.53
2019-10-02T18:40:39.782926,23.35,27.53,5.97
2019-10-02T19:00:39.599387,22.121,19.46,5.94
2019-10-02T19:20:39.550557,22.591,25.46,5.72
2019-10-02T19:40:40.132486,22.349,23.96,5.96
2019-10-02T20:00:42.145912,22.42,15.51,5.96
2019-10-02T20:20:40.409078,22.216,28.18,5.99
2019-10-02T20:40:39.906187,23.888,27.50,6.03
2019-10-02T21:00:39.250432,22.368,26.73,6.02
2019-10-02T21:20:39.834436,22.076,28.52,6.01
2019-10-02T21:40:39.292990,23.229,27.08,5.98
2019-10-02T22:00:39.583422,22.235,27.84,5.95
2019-10-02T22:20:39.825420,22.088,27.40,5.93
2019-10-02T22:40:39.359355,21.781,27.27,5.89
2019-10-02T23:00:39.999514,22.193,28.45,5.90
2019-10-02T23:20:39.926296,22.165,28.29,6.05
2019-10-02T23:40:39.444015,22.145,27.90,5.92
2019-10-03T00:00:39.880363,22.007,27.98,5.97
2019-10-03T00:20:39.666034,22.091,28.12,5.99
2019-10-03T00:40:39.675312,22.209,26.55,5.97
2019-10-03T01:00:40.427825,21.847,27.51,5.98
2019-10-03T01:20:40.134755,22.126,26.78,5.99
2019-10-03T01:40:40.779441,23.897,27.19,5.99
2019-10-03T02:00:40.102111,22.249,22.74,5.92
2019-10-03T02:20:39.801770,22.547,23.46,5.93
2019-10-03T02:40:39.244848,22.616,27.96,5.99
2019-10-03T03:00:39.995442,23.766,27.72,5.87
2019-10-03T03:20:40.172206,23.007,28.21,5.68
2019-10-03T03:40:40.252980,22.557,27.53,5.91
2019-10-03T04:00:39.974052,22.971,27.05,5.92
2019-10-03T04:20:40.015791,22.892,27.53,5.94
2019-10-03T04:40:39.494303,24.133,28.27,5.97
2019-10-03T05:00:40.118820,22.855,25.31,6.03
2019-10-03T05:20:39.975040,21.894,23.52,6.01
2019-10-03T05:40:39.561755,23.322,27.68,5.94
2019-10-03T06:00:40.070424,23.023,25.96,5.98
2019-10-03T06:20:40.292436,22.277,20.76,5.96
2019-10-03T06:40:39.902314,22.55,27.15,5.93
2019-10-03T07:00:42.355911,22.676,28.10,5.96
2019-10-03T07:20:39.749337,22.157,28.09,5.99
2019-10-03T07:40:40.751568,21.97,27.92,5.98
2019-10-03T08:00:40.290460,22.054,26.78,6.04
2019-10-03T08:20:40.030160,21.839,28.10,5.93
2019-10-03T08:40:39.440434,21.784,28.14,6.02
2019-10-03T09:00:40.344042,22.357,27.49,5.89
2019-10-03T09:20:40.203270,22.335,27.78,5.99
2019-10-03T09:40:39.560229,21.738,27.96,5.96
2019-10-03T10:00:40.059645,22.173,27.83,5.98
2019-10-03T10:20:39.936056,22.475,28.47,5.98
2019-10-03T10:40:39.901659,21.856,27.08,5.94
2019-10-03T11:00:39.413067,22.122,27.23,5.99
2019-10-03T11:20:40.676059,22.444,26.80,5.86
2019-10-03T11:40:40.429131,22.205,27.77,5.89
2019-10-03T12:00:40.197542,22.369,28.81,5.85
2019-10-03T12:20:39.744832,21.957,27.31,6.01
2019-10-03T12:40:40.393744,22.667,27.99,5.94
2019-10-03T13:00:39.806392,22.068,27.84,5.95
2019-10-03T13:20:39.517965,22.051,28.84,5.92
2019-10-03T13:40:39.806807,21.982,28.27,5.88
2019-10-03T14:00:39.361621,22.058,28.65,5.86
2019-10-03T14:20:40.125771,22.15,27.70,5.99
2019-10-03T14:40:39.824097,22.169,27.15,5.94
2019-10-03T15:00:39.391265,22.184,27.68,5.96
2019-10-03T15:20:40.643521,22.497,27.12,5.87
2019-10-03T15:40:40.254547,22.308,26.22,5.96
2019-10-03T16:00:39.850428,24.015,27.46,5.91
2019-10-03T16:20:39.649858,22.103,27.93,6.05
2019-10-03T16:40:40.301258,23.655,27.52,5.97
2019-10-03T17:00:39.749329,22.099,27.82,5.99
2019-10-03T17:20:39.969688,21.907,27.42,5.91
2019-10-03T17:40:39.461343,22.255,27.45,6.03
2019-10-03T18:00:39.903043,22.392,26.95,6.04
2019-10-03T18:20:39.597818,22.713,23.42,5.99
2019-10-03T18:40:40.180990,22.341,17.36,5.98
2019-10-03T19:00:39.868141,22.825,27.82,5.88
2019-10-03T19:20:39.831888,22.104,27.39,6.02
2019-10-03T19:40:39.367959,22.174,27.87,5.90
2019-10-03T20:00:40.078486,21.94,25.36,5.87
2019-10-03T20:20:40.030885,22.13,24.38,6.06
2019-10-03T20:40:39.711792,21.963,24.25,6.03
2019-10-03T21:00:40.463255,22.774,25.95,6.03
2019-10-03T21:20:41.886750,22.004,16.37,5.95
2019-10-03T21:40:39.591564,22.151,27.08,5.90
2019-10-03T22:00:40.080888,21.939,28.06,5.98
2019-10-03T22:20:40.143030,22.213,28.08,5.97
2019-10-03T22:40:39.701151,22.2,27.45,6.03
2019-10-03T23:00:40.408786,21.996,27.29,6.00
2019-10-03T23:20:40.032456,22.158,29.20,5.94
2019-10-03T23:40:40.028750,22.397,27.27,5.99
2019-10-04T00:00:39.870361,21.723,27.72,5.91
2019-10-04T00:20:39.824395,22.329,17.66,6.00
2019-10-04T00:40:39.344181,22.73,28.12,6.04
2019-10-04T01:00:39.992470,22.14,28.49,6.00
2019-10-04T01:20:39.946517,22.318,23.28,5.97
2019-10-04T01:40:39.446555,22.936,27.18,6.01
2019-10-04T02:00:40.143962,23.808,28.63,5.91
2019-10-04T02:20:40.033232,21.994,27.91,6.05
2019-10-04T02:40:44.631501,22.78,24.11,5.81
2019-10-04T03:00:39.990409,22.328,27.45,5.96
2019-10-04T03:20:39.964841,22.685,27.10,5.96
2019-10-04T03:40:39.710488,23.063,28.78,5.99
2019-10-04T04:00:40.846731,23.02,28.89,5.82
2019-10-04T04:20:39.763850,24.463,28.36,5.89
2019-10-04T04:40:40.412541,22.865,27.91,5.89
2019-10-04T05:00:40.971471,22.971,24.95,6.05
2019-10-04T05:20:40.062561,23.129,28.16,5.95
2019-10-04T05:40:39.824983,22.348,27.17,5.99
2019-10-04T06:00:39.452484,22.731,27.13,5.97
2019-10-04T06:20:40.257885,23.245,28.39,6.05
2019-10-04T06:40:39.688473,22.29,26.88,5.84
2019-10-04T07:00:42.994367,22.387,26.52,6.01
2019-10-04T07:20:40.079182,22.219,28.07,5.96
2019-10-04T07:40:39.326931,22.224,27.09,5.97
2019-10-04T08:00:39.752495,22.695,28.16,6.04
2019-10-04T08:20:39.823275,22.005,26.92,5.94
2019-10-04T08:40:49.047537,20.942,28.01,3.08
2019-10-04T09:00:49.552808,22.181,26.95,5.91
2019-10-04T09:20:39.430003,22.413,26.19,5.95
2019-10-04T09:40:40.449642,22.627,27.76,5.91
2019-10-04T10:00:40.055062,22.18,27.65,6.01
2019-10-04T10:20:40.068785,21.913,27.97,5.89
2019-10-04T10:40:39.604718,21.944,27.56,5.90
2019-10-04T11:00:40.315940,21.884,27.10,5.92
2019-10-04T11:20:40.040510,21.612,27.98,5.97
2019-10-04T11:40:39.779681,21.998,27.84,5.90
2019-10-04T12:00:39.633062,22.945,28.30,6.05
2019-10-04T12:20:39.450910,22.353,27.38,5.95
2019-10-04T12:40:40.135703,21.977,28.89,5.86
2019-10-04T13:00:39.794857,22.208,28.45,5.95
2019-10-04T13:20:39.635039,21.858,27.98,5.95
2019-10-04T13:40:39.975927,22.274,27.76,5.94
2019-10-04T14:00:39.842872,21.983,28.52,5.94
2019-10-04T14:20:39.637936,23.448,27.45,6.04
2019-10-04T14:40:40.510424,22.676,28.01,5.69
2019-10-04T15:00:40.320304,22.323,27.07,5.90
2019-10-04T15:20:40.504461,22.485,27.83,5.78
2019-10-04T15:40:40.315954,22.779,28.53,5.75
2019-10-04T16:00:39.806194,22.582,28.10,5.98
2019-10-04T16:20:39.718831,22.367,28.02,5.76
2019-10-04T16:40:40.420401,22.501,28.02,5.94
2019-10-04T17:00:39.989653,22.371,27.72,5.89
2019-10-04T17:20:39.665844,22.359,27.30,5.93
2019-10-04T17:40:40.244779,22.03,28.59,5.92
2019-10-04T18:00:40.370858,22.583,26.53,5.87
2019-10-04T18:20:40.377315,22.762,27.83,5.99
2019-10-04T18:40:40.323599,22.019,27.10,5.82
2019-10-04T19:00:39.637097,22.501,28.40,5.94
2019-10-04T19:20:39.598112,21.984,28.52,5.99
2019-10-04T19:40:40.316357,22.658,27.55,5.88
2019-10-04T20:00:39.891937,23.783,28.07,5.98
2019-10-04T20:20:39.923320,22.407,26.49,5.96
2019-10-04T20:40:39.987472,22.729,28.72,5.84
2019-10-04T21:00:39.617737,22.21,21.17,5.99
2019-10-04T21:20:39.748113,24.143,23.51,5.99
2019-10-04T21:40:40.508693,22.468,22.91,5.90
2019-10-04T22:00:47.119438,22.775,13.11,5.99
2019-10-04T22:20:40.060450,25.289,27.88,5.91
2019-10-04T22:40:43.002320,23.724,8.21,5.99
2019-10-04T23:00:40.625551,22.871,13.90,6.01
2019-10-04T23:20:39.494941,22.764,28.41,5.98
2019-10-04T23:40:39.934785,22.444,22.95,6.01
2019-10-05T00:00:39.692315,22.276,26.04,5.96
2019-10-05T00:20:39.530487,22.54,26.51,5.97
2019-10-05T00:40:40.289565,22.566,28.37,6.03
2019-10-05T01:00:40.222199,22.442,28.26,5.82
2019-10-05T01:20:40.225184,22.283,26.98,5.73
2019-10-05T01:40:39.814699,21.922,27.64,5.99
2019-10-05T02:00:39.193615,22.573,27.27,5.95
2019-10-05T02:20:40.275182,22.518,28.15,5.96
2019-10-05T02:40:39.965441,22.665,27.01,5.91
2019-10-05T03:00:39.468782,22.27,27.06,6.02
2019-10-05T03:20:40.280470,22.591,28.31,5.94
2019-10-05T03:40:39.992953,22.511,27.43,5.85
2019-10-05T04:00:39.461765,23.472,27.43,5.99
2019-10-05T04:20:44.238727,22.188,17.27,5.88
2019-10-05T04:40:39.965422,22.87,28.28,5.84
2019-10-05T05:00:39.643669,22.384,27.30,5.94
2019-10-05T05:20:39.860466,22.799,27.71,5.85
2019-10-05T05:40:40.920009,25.008,25.05,5.94
2019-10-05T06:00:39.456842,22.848,27.59,5.87
2019-10-05T06:20:40.383861,22.954,26.15,5.89
2019-10-05T06:40:40.067040,21.922,27.12,5.92
2019-10-05T07:00:42.757434,22.528,28.58,5.82
2019-10-05T07:20:39.692786,22.481,28.10,5.92
2019-10-05T07:40:40.356858,22.793,27.08,5.93
2019-10-05T08:00:40.172527,22.747,27.96,5.92
2019-10-05T08:20:40.006740,22.206,27.82,5.94
2019-10-05T08:40:39.666499,22.335,27.51,6.02
2019-10-05T09:00:40.150052,22.344,28.61,6.04
2019-10-05T09:20:40.147321,22.015,28.08,5.98
2019-10-05T09:40:39.779980,21.661,27.48,5.96
2019-10-05T10:00:39.227826,22.809,27.28,5.95
2019-10-05T10:20:39.927258,21.925,27.65,5.95
2019-10-05T10:40:39.614142,22.172,27.46,5.99
2019-10-05T11:00:40.263692,22.212,27.82,5.98
2019-10-05T11:20:40.017504,22.314,27.46,6.02
2019-10-05T11:40:39.484890,22.385,27.02,5.90
2019-10-05T12:00:39.981826,21.968,28.12,6.03
2019-10-05T12:20:40.063686,21.959,26.90,5.88
2019-10-05T12:40:39.579516,21.856,27.70,5.92
2019-10-05T13:00:40.043514,22.112,27.64,6.00
2019-10-05T13:20:40.186743,22.196,28.37,5.89
2019-10-05T13:40:39.401817,21.667,28.56,5.96
2019-10-05T14:00:39.991835,22.089,27.56,6.03
2019-10-05T14:20:39.591009,22.005,26.97,5.93
2019-10-05T14:40:40.044066,22.106,26.79,6.01
2019-10-05T15:00:39.833031,22.271,28.28,6.05
2019-10-05T15:20:39.856055,22.29,27.77,5.91
2019-10-05T15:40:39.346239,23.074,28.47,6.02
2019-10-05T16:00:40.169468,22.567,28.05,5.94
2019-10-05T16:20:40.074561,21.85,28.12,5.92
2019-10-05T16:40:39.823236,21.718,27.60,5.94
2019-10-05T17:00:39.492294,23.52,27.71,5.92
2019-10-05T17:20:39.889259,23.746,27.91,5.97
2019-10-05T17:40:39.651597,22.778,27.90,5.94
2019-10-05T18:00:40.147849,22.516,28.13,5.95
2019-10-05T18:20:39.946014,23.097,23.39,5.93
2019-10-05T18:40:39.557299,22.658,27.51,5.91
2019-10-05T19:00:40.324183,22.133,21.43,5.84
2019-10-05T19:20:40.556661,23.919,25.24,5.89
2019-10-05T19:40:40.171513,22.669,23.65,5.94
2019-10-05T20:00:39.668263,22.334,20.70,5.96
2019-10-05T20:20:39.506186,21.794,28.22,6.01
2019-10-05T20:40:41.933707,22.271,17.02,5.41
2019-10-05T21:00:39.595684,22.368,24.76,5.92
2019-10-05T21:20:41.025431,22.75,19.28,5.94
2019-10-05T21:40:39.439476,22.518,22.86,5.97
2019-10-05T22:00:45.876910,22.612,10.43,5.89
2019-10-05T22:20:45.112041,27.485,12.54,5.88
2019-10-05T22:40:39.551976,22.83,28.09,6.04
2019-10-05T23:00:40.254651,22.5,27.30,5.97
2019-10-05T23:20:51.280907,23.217,13.53,5.96
2019-10-05T23:40:40.025362,22.042,27.77,5.99
2019-10-06T00:00:39.791361,22.246,27.62,5.83
2019-10-06T00:20:39.773598,22.047,22.05,5.87
2019-10-06T00:40:40.389510,22.27,27.85,5.83
2019-10-06T01:00:40.013305,22.042,28.25,5.92
2019-10-06T01:20:39.923198,22.773,28.85,5.74
2019-10-06T01:40:39.328897,22.445,28.04,6.05
2019-10-06T02:00:40.367498,22.174,27.27,5.87
2019-10-06T02:20:40.687406,22.903,27.57,6.01
2019-10-06T02:40:40.364757,22.708,28.67,5.93
2019-10-06T03:00:40.633373,22.288,28.45,5.85
2019-10-06T03:20:39.401308,21.946,27.05,5.99
2019-10-06T03:40:40.184885,22.358,28.59,5.89
2019-10-06T04:00:39.902404,22.107,27.44,5.96
2019-10-06T04:20:40.041432,23.514,27.31,5.87
2019-10-06T04:40:39.835758,22.483,27.97,6.00
2019-10-06T05:00:39.489250,22.646,27.35,6.10
2019-10-06T05:20:39.833659,22.515,27.90,5.90
2019-10-06T05:40:39.370196,22.461,28.07,5.99
2019-10-06T06:00:40.234063,22.502,24.50,6.04
2019-10-06T06:20:40.117196,22.542,27.69,5.98
2019-10-06T06:40:39.863553,22.323,28.24,5.83
2019-10-06T07:00:42.893486,22.266,27.73,5.95
2019-10-06T07:20:40.163087,22.26,28.19,6.00
2019-10-06T07:40:39.676041,22.147,27.53,6.02
2019-10-06T08:00:40.318046,22.442,28.31,5.91
2019-10-06T08:20:40.141980,22.022,27.15,6.03
2019-10-06T08:40:39.819309,21.99,27.36,5.95
2019-10-06T09:00:39.124634,22.588,26.74,5.94
2019-10-06T09:20:40.163038,21.969,26.93,5.99
2019-10-06T09:40:39.533701,22.277,27.45,6.01
2019-10-06T10:00:40.285551,22.475,27.81,5.97
2019-10-06T10:20:40.191457,22.314,28.88,5.94
2019-10-06T10:40:39.952685,21.825,28.36,5.91
2019-10-06T11:00:43.390390,22.35,28.86,3.81
2019-10-06T11:20:40.198028,21.886,27.89,6.02
2019-10-06T11:40:39.877171,22.07,28.27,6.02
2019-10-06T12:00:39.587106,23.144,27.84,5.92
2019-10-06T12:20:39.693536,22.42,28.42,5.96
2019-10-06T12:40:40.145383,22.309,27.93,5.98
2019-10-06T13:00:39.727022,22.187,28.10,5.95
2019-10-06T13:20:39.742837,21.996,27.41,5.88
2019-10-06T13:40:40.162198,22.234,27.60,5.97
2019-10-06T14:00:39.915767,22.22,27.54,6.00
2019-10-06T14:20:39.788816,22.395,26.10,5.91
2019-10-06T14:40:39.527149,21.998,28.02,5.98
2019-10-06T15:00:39.930944,22.155,28.00,6.00
2019-10-06T15:20:39.806254,22.275,27.33,6.03
2019-10-06T15:40:39.867717,22.189,27.55,5.87
2019-10-06T16:00:39.964775,22.897,27.30,5.83
2019-10-06T16:20:39.700862,22.066,27.05,5.89
2019-10-06T16:40:40.382843,22.554,28.39,6.04
2019-10-06T17:00:39.918971,22.205,28.56,5.94
2019-10-06T17:20:39.793947,22.486,27.91,5.79
2019-10-06T17:40:39.455119,22.886,27.31,5.99
2019-10-06T18:00:39.867707,22.495,23.26,5.94
2019-10-06T18:20:39.675098,22.045,19.79,5.96
2019-10-06T18:40:40.221761,25.001,26.71,6.02
2019-10-06T19:00:40.475282,22.056,27.59,5.83
2019-10-06T19:20:39.398152,23.94,27.35,5.86
2019-10-06T19:40:39.798471,22.757,27.64,5.99
2019-10-06T20:00:45.699005,23.251,11.62,5.50
2019-10-06T20:20:49.922296,22.363,14.35,3.87
2019-10-06T20:40:44.735138,27.02,12.99,5.30
2019-10-06T21:00:47.735544,22.226,12.09,4.77
2019-10-06T21:20:39.952050,22.018,26.95,5.87
2019-10-06T21:40:39.777317,22.017,27.31,5.90
2019-10-06T22:00:39.550117,22.54,28.21,5.94
2019-10-06T22:20:39.348222,23.252,26.99,5.96
2019-10-06T22:40:40.116431,22.263,27.95,5.85
2019-10-06T23:00:39.783339,22.556,28.14,5.87
2019-10-06T23:20:39.648810,22.125,27.78,6.02
2019-10-06T23:40:40.376651,23.182,27.86,5.89
2019-10-07T00:00:44.935546,22.511,27.95,5.96
2019-10-07T00:20:41.704796,22.263,16.50,6.07
2019-10-07T00:40:45.220009,22.297,27.38,5.86
2019-10-07T01:00:39.887571,22.362,25.03,6.03
2019-10-07T01:20:39.777168,22.157,23.29,5.99
2019-10-07T01:40:39.806334,22.18,26.60,5.87
2019-10-07T02:00:39.468434,22.338,27.28,5.92
2019-10-07T02:20:39.647465,22.052,27.05,5.98
2019-10-07T02:40:40.278055,24.187,27.68,5.97
2019-10-07T03:00:39.953515,23.366,28.01,5.92
2019-10-07T03:20:39.793471,23.617,27.93,5.99
2019-10-07T03:40:39.722983,22.778,28.79,5.84
2019-10-07T04:00:40.401158,23.085,28.98,5.87
2019-10-07T04:20:40.673956,23.603,27.96,5.78
2019-10-07T04:40:40.231221,22.654,27.59,5.84
2019-10-07T05:00:39.909732,22.89,27.91,5.87
2019-10-07T05:20:39.768166,24.859,28.15,5.90
2019-10-07T05:40:40.478894,24.062,27.90,5.84
2019-10-07T06:00:40.142083,23.213,27.47,5.75
2019-10-07T06:20:40.234761,22.382,27.77,5.96
2019-10-07T06:40:39.524729,22.322,28.21,5.94
2019-10-07T07:00:43.024314,23.465,27.71,6.02
2019-10-07T07:20:39.907611,22.235,28.73,5.91
2019-10-07T07:40:39.222846,22.479,27.34,6.03
2019-10-07T08:00:39.555923,21.918,27.86,6.00
2019-10-07T08:20:39.338851,22.42,27.36,5.96
2019-10-07T08:40:40.049224,22.359,26.82,5.91
2019-10-07T09:00:39.383521,22.454,27.63,5.92
2019-10-07T09:20:40.227986,22.282,27.29,6.00
2019-10-07T09:40:39.919579,22.335,28.12,5.93
2019-10-07T10:00:39.518469,22.315,28.40,6.00
2019-10-07T10:20:39.390446,21.891,25.92,5.91
2019-10-07T10:40:39.914639,22.289,27.64,5.97
2019-10-07T11:00:39.797382,22.423,29.04,5.83
2019-10-07T11:20:39.733695,22.087,28.50,6.08
2019-10-07T11:40:40.287193,22.47,27.59,5.87
2019-10-07T12:00:39.947660,22.003,27.95,5.91
2019-10-07T12:20:40.065381,22.269,27.45,5.86
2019-10-07T12:40:39.613687,21.927,27.63,5.99
2019-10-07T13:00:40.149527,23.429,27.64,5.99
2019-10-07T13:20:40.019250,22.135,27.65,5.99
2019-10-07T13:40:39.195313,22.525,27.54,5.99
2019-10-07T14:00:39.578470,22.013,27.12,5.96
2019-10-07T14:20:39.527929,22.34,28.92,6.01
2019-10-07T14:40:40.017300,21.601,27.95,6.01
2019-10-07T15:00:39.335881,22.194,27.29,5.96
2019-10-07T15:20:40.458860,22.021,27.07,5.88
2019-10-07T15:40:39.982798,21.939,27.42,6.00
2019-10-07T16:00:39.561729,21.989,29.22,5.94
2019-10-07T16:20:39.425433,22.626,28.43,5.99
2019-10-07T16:40:40.515563,22.419,28.11,6.00
2019-10-07T17:00:40.044970,22.517,27.91,5.96
2019-10-07T17:20:40.347024,22.341,27.93,5.85
2019-10-07T17:40:39.801204,22.776,26.84,5.97
2019-10-07T18:00:39.391526,22.525,27.24,6.01
2019-10-07T18:20:40.452124,22.326,27.42,5.88
2019-10-07T18:40:40.171139,21.886,28.28,5.98
2019-10-07T19:00:39.823678,22.134,26.75,5.93
2019-10-07T19:20:40.431376,22.022,27.19,5.86
2019-10-07T19:40:39.744799,22.368,25.44,6.02
2019-10-07T20:00:45.237112,27.527,26.11,6.02
2019-10-07T20:20:45.880408,22.985,12.78,5.16
2019-10-07T20:40:39.687792,22.117,19.26,5.87
2019-10-07T21:00:41.506772,22.483,25.90,5.49
2019-10-07T21:20:40.220118,23.257,12.53,6.03
2019-10-07T21:40:40.252457,23.524,19.92,5.98
2019-10-07T22:00:47.170949,22.8,24.23,5.85
2019-10-07T22:20:40.630640,22.227,22.45,5.87
2019-10-07T22:40:40.200403,22.255,27.81,6.04
2019-10-07T23:00:40.159983,23.311,28.40,5.93
2019-10-07T23:20:40.020333,22.453,26.45,5.85
2019-10-07T23:40:39.642473,22.526,28.48,5.88
2019-10-08T00:00:40.091345,21.761,28.12,6.03
2019-10-08T00:20:39.998917,21.974,28.08,6.04
2019-10-08T00:40:39.940321,22.288,27.20,6.03
2019-10-08T01:00:39.515776,22.673,26.95,5.90
2019-10-08T01:20:39.460775,22.844,27.86,5.93
2019-10-08T01:40:40.529215,22.962,27.91,5.84
2019-10-08T02:00:41.170099,22.277,16.63,5.84
2019-10-08T02:20:40.114148,22.622,27.15,5.74
2019-10-08T02:40:39.850529,22.538,27.79,5.94
2019-10-08T03:00:44.630500,22.365,28.35,5.72
2019-10-08T03:20:39.633091,24.803,29.45,4.78
2019-10-08T03:40:40.507923,23.373,27.79,5.58
2019-10-08T04:00:40.216643,22.434,28.15,5.82
2019-10-08T04:20:39.909198,22.66,27.98,5.93
2019-10-08T04:40:40.042766,23.038,26.84,5.86
2019-10-08T05:00:39.622112,23.665,28.15,5.97
2019-10-08T05:20:39.818133,23.632,27.27,5.84
2019-10-08T05:40:39.465296,22.479,26.88,5.92
2019-10-08T06:00:40.017234,22.879,27.93,5.94
2019-10-08T06:20:39.612241,22.285,28.51,5.99
2019-10-08T06:40:40.457058,22.211,28.02,5.73
2019-10-08T07:00:42.736681,22.588,28.60,5.95
2019-10-08T07:20:39.374501,22.749,27.86,5.89
2019-10-08T07:40:40.056973,22.337,27.68,5.95
2019-10-08T08:00:39.846261,22.554,27.91,5.96
2019-10-08T08:20:39.745294,21.951,28.61,5.89
2019-10-08T08:40:40.412716,22.391,28.48,5.96
2019-10-08T09:00:40.057207,22.028,27.08,6.00
2019-10-08T09:20:39.937254,21.831,27.26,5.97
2019-10-08T09:40:39.523961,22.05,28.13,5.90
2019-10-08T10:00:40.233222,22.256,28.43,5.99
2019-10-08T10:20:39.927866,22.141,28.43,5.98
2019-10-08T10:40:39.642150,22.13,27.88,5.96
2019-10-08T11:00:40.267149,22.448,27.86,5.97
2019-10-08T11:20:40.097227,22.029,26.66,6.00
2019-10-08T11:40:40.041253,22.145,27.82,5.85
2019-10-08T12:00:39.734973,21.69,28.55,5.89
2019-10-08T12:20:39.452996,22.608,28.09,6.05
2019-10-08T12:40:40.051102,23.096,27.95,6.03
2019-10-08T13:00:39.416320,22.665,27.38,5.97
2019-10-08T13:20:40.132169,22.108,27.77,6.00
2019-10-08T13:40:39.423943,22.077,27.66,5.93
2019-10-08T14:00:40.035668,22.484,29.39,6.02
2019-10-08T14:20:39.836857,22.182,28.18,5.89
2019-10-08T14:40:39.686150,22.276,27.00,5.91
2019-10-08T15:00:40.344359,22.652,27.51,5.87
2019-10-08T15:20:40.775157,22.159,28.18,5.99
2019-10-08T15:40:41.387909,22.064,28.58,5.32
2019-10-08T16:00:39.985129,22.778,28.50,5.93
2019-10-08T16:20:43.272358,22.003,28.43,5.81
2019-10-08T16:40:39.775757,21.74,27.11,6.00
2019-10-08T17:00:40.619151,22.659,27.49,5.18
2019-10-08T17:20:39.730984,22.151,22.51,5.89
2019-10-08T17:40:40.396114,22.277,26.79,5.96
2019-10-08T18:00:41.457229,22.7,27.35,5.13
2019-10-08T18:20:40.325239,22.858,29.08,6.01
2019-10-08T18:40:39.833499,22.224,27.74,5.96
2019-10-08T19:00:39.471546,22.775,28.55,5.92
2019-10-08T19:20:39.730466,21.946,27.61,5.98
2019-10-08T19:40:40.309895,21.99,27.27,6.01
2019-10-08T20:00:39.947793,21.902,27.16,5.94
2019-10-08T20:20:40.203561,22.161,25.81,5.95
2019-10-08T20:40:40.000946,22.217,29.14,5.90
2019-10-08T21:00:40.007996,22.088,27.96,5.91
2019-10-08T21:20:39.804996,22.076,27.87,5.90
2019-10-08T21:40:39.323672,22.668,28.10,5.95
2019-10-08T22:00:40.123265,22.433,28.23,5.98
2019-10-08T22:20:40.009262,22.226,28.48,5.89
2019-10-08T22:40:39.572227,22.22,27.27,5.86
2019-10-08T23:00:40.753495,21.876,26.99,5.90
2019-10-08T23:20:40.006147,22.203,27.08,5.93
2019-10-08T23:40:39.690535,22.016,26.98,5.86
2019-10-09T00:00:40.075870,21.901,28.90,6.02
2019-10-09T00:20:39.995639,22.061,27.38,5.99
2019-10-09T00:40:39.570567,22.316,26.91,6.00
2019-10-09T01:00:40.228865,21.783,27.81,6.01
2019-10-09T01:20:40.189337,22.035,28.66,5.91
2019-10-09T01:40:39.948736,23.989,28.75,5.89
2019-10-09T02:00:39.550659,23.114,28.22,6.02
2019-10-09T02:20:39.738551,25.207,27.57,5.86
2019-10-09T02:40:40.374594,23.848,27.31,5.97
2019-10-09T03:00:39.923560,22.345,28.74,5.84
2019-10-09T03:20:40.228917,22.828,27.60,5.87
2019-10-09T03:40:39.835182,22.345,26.76,5.93
2019-10-09T04:00:39.649526,23.436,28.47,5.97
2019-10-09T04:20:39.453917,23.285,28.20,5.86
2019-10-09T04:40:40.152514,22.538,28.33,5.86
2019-10-09T05:00:40.022633,22.762,28.54,6.05
2019-10-09T05:20:40.759490,23.555,27.50,5.87
2019-10-09T05:40:40.328483,22.924,27.65,5.92
2019-10-09T06:00:39.730824,22.879,28.14,5.98
2019-10-09T06:20:39.674401,22.331,27.78,6.02
2019-10-09T06:40:40.097398,21.763,27.04,6.01
2019-10-09T07:00:42.986859,22.384,27.99,5.90
2019-10-09T07:20:40.099360,22.219,28.02,5.93
2019-10-09T07:40:39.683020,22.033,27.26,5.95
2019-10-09T08:00:40.435311,22.874,28.82,5.86
2019-10-09T08:20:40.317549,22.338,28.34,6.00
2019-10-09T08:40:39.872032,23.336,27.83,6.05
2019-10-09T09:00:39.507929,22.388,28.46,5.97
2019-10-09T09:20:39.230912,22.666,28.45,6.04
2019-10-09T09:40:40.034857,22.221,28.86,5.92
2019-10-09T10:00:39.635973,22.972,27.74,5.95
2019-10-09T10:20:39.435566,22.689,29.01,6.00
2019-10-09T10:40:39.866248,22.482,28.20,5.99
2019-10-09T11:00:39.282988,22.697,29.03,5.98
2019-10-09T11:20:40.054838,21.627,28.71,5.86
2019-10-09T11:40:39.470036,22.347,28.44,6.02
2019-10-09T12:00:40.283944,22.091,26.96,5.86
2019-10-09T12:20:40.335672,21.96,27.75,5.91
2019-10-09T12:40:39.919693,22.295,27.66,5.98
2019-10-09T13:00:39.560349,22.585,28.62,5.88
2019-10-09T13:20:39.190303,22.544,28.30,5.97
2019-10-09T13:40:39.797049,22.212,28.69,5.85
2019-10-09T14:00:39.738431,22.125,28.50,5.69
2019-10-09T14:20:39.834267,21.88,27.75,5.99
2019-10-09T14:40:39.270657,22.861,28.67,5.94
2019-10-09T15:00:39.651314,22.988,28.46,5.96
2019-10-09T15:20:40.010510,21.647,27.46,5.85
2019-10-09T15:40:39.776557,22.332,28.07,5.89
2019-10-09T16:01:10.268384,22.105,28.35,5.99
2019-10-09T16:20:40.056560,22.172,28.76,5.96
2019-10-09T16:40:39.671085,22.229,29.04,5.95
2019-10-09T17:00:40.675312,22.754,28.42,5.99
2019-10-09T17:20:39.728348,21.724,27.15,5.99
2019-10-09T17:40:40.560090,22.015,27.34,5.87
2019-10-09T18:00:40.184147,21.761,27.55,5.90
2019-10-09T18:20:40.263272,22.83,28.51,5.93
2019-10-09T18:40:39.846439,23.197,28.59,6.03
2019-10-09T19:00:39.514987,22.841,26.70,6.01
2019-10-09T19:20:39.430722,22.527,27.48,5.92
2019-10-09T19:40:39.778935,22.205,27.94,6.03
2019-10-09T20:00:39.437812,22.724,27.90,5.83
2019-10-09T20:20:40.143436,21.903,27.47,5.94
2019-10-09T20:40:39.753619,21.706,27.21,5.96
2019-10-09T21:00:40.333758,22.292,28.29,5.98
2019-10-09T21:20:40.356694,22.839,26.35,5.95
2019-10-09T21:40:40.388811,22.15,26.45,5.92
2019-10-09T22:00:40.263448,22.003,28.61,5.83
2019-10-09T22:20:40.479962,22.631,28.13,5.96
2019-10-09T22:40:40.389768,22.58,28.27,5.99
2019-10-09T23:00:40.051485,22.792,28.83,6.02
2019-10-09T23:20:40.003036,21.949,27.16,5.95
2019-10-09T23:40:39.513092,22.371,28.21,5.93
2019-10-10T00:00:42.182862,23.49,28.57,5.08
2019-10-10T00:20:40.405299,23.205,28.31,4.75
2019-10-10T00:40:40.183059,22.609,27.15,5.72
2019-10-10T01:00:40.012303,24.21,28.63,5.89
2019-10-10T01:20:40.239934,22.659,28.06,5.84
2019-10-10T01:40:40.268777,22.206,25.91,5.98
2019-10-10T02:00:40.234233,22.807,27.45,5.97
2019-10-10T02:20:40.340817,22.997,28.07,5.99
2019-10-10T02:40:40.452885,22.689,27.09,5.93
2019-10-10T03:00:40.193304,23.417,29.12,5.97
2019-10-10T03:20:40.651241,22.534,27.96,5.87
2019-10-10T03:40:40.268981,22.67,27.50,5.92
2019-10-10T04:00:39.946290,22.486,27.33,5.94
2019-10-10T04:20:40.105147,22.009,28.92,6.00
2019-10-10T04:40:39.738296,22.364,28.04,5.99
2019-10-10T05:00:40.635976,22.684,27.13,5.95
2019-10-10T05:20:39.622027,22.591,27.23,5.98
2019-10-10T05:40:40.429072,22.717,28.20,6.02
2019-10-10T06:00:40.088549,22.979,27.90,5.94
2019-10-10T06:20:40.362574,22.898,27.10,5.94
2019-10-10T06:40:40.134157,21.715,28.64,5.99
2019-10-10T07:00:42.531835,21.988,28.09,5.94
2019-10-10T07:20:40.535456,22.514,27.93,6.01
2019-10-10T07:40:39.989809,22.38,27.29,5.97
2019-10-10T08:00:39.820004,22.098,27.09,5.92
2019-10-10T08:20:39.908272,22.074,29.35,5.90
2019-10-10T08:40:39.525884,22.234,28.06,6.04
2019-10-10T09:00:40.181738,22.53,26.57,5.98
2019-10-10T09:20:40.010526,22.019,26.43,5.95
2019-10-10T09:40:40.164979,22.055,28.21,5.88
2019-10-10T10:00:39.860669,21.88,28.50,5.91
2019-10-10T10:20:39.667829,22.427,27.39,5.97
2019-10-10T10:40:40.206762,22.109,27.94,5.99
2019-10-10T11:00:40.197720,22.145,27.51,5.92
2019-10-10T11:20:40.489456,21.75,25.96,5.86
2019-10-10T11:40:40.615999,22.29,26.35,5.96
2019-10-10T12:00:40.736392,22.555,28.50,6.03
2019-10-10T12:20:39.899293,23.442,27.86,5.89
2019-10-10T12:40:39.504749,22.144,27.01,5.94
2019-10-10T13:00:40.176479,22.997,27.48,6.02
2019-10-10T13:20:39.915906,22.297,28.30,5.96
2019-10-10T13:40:40.568878,22.269,28.56,5.85
2019-10-10T14:00:40.224210,22.084,27.02,5.84
2019-10-10T14:20:40.131974,22.036,27.42,5.92
2019-10-10T14:40:39.660111,22.198,27.92,5.93
2019-10-10T15:00:40.663846,22.02,28.13,5.96
2019-10-10T15:20:39.614496,22.551,25.49,5.89
2019-10-10T15:40:40.110358,22.642,27.82,5.99
2019-10-10T16:00:40.230765,22.183,27.43,5.84
2019-10-10T16:20:40.220408,21.715,27.13,5.97
2019-10-10T16:40:40.035831,22.011,27.40,5.96
2019-10-10T17:00:39.845893,23.021,27.68,6.01
2019-10-10T17:20:40.643368,22.426,27.86,5.57
2019-10-10T17:40:40.125096,22.143,27.02,6.03
2019-10-10T18:00:39.776021,22.482,28.88,5.95
2019-10-10T18:20:39.643260,22.309,27.91,6.00
2019-10-10T18:40:40.106061,21.883,27.26,5.85
2019-10-10T19:00:39.856182,23.51,27.56,5.96
2019-10-10T19:20:39.848039,23.571,28.44,6.00
2019-10-10T19:40:39.524587,22.844,27.64,6.00
2019-10-10T20:00:39.866454,23.689,28.15,5.95
2019-10-10T20:20:40.357065,22.56,27.03,5.95
2019-10-10T20:40:40.229732,22.177,27.89,5.94
2019-10-10T21:00:40.156811,22.322,26.83,5.80
2019-10-10T21:20:40.055633,22.475,27.89,5.96
2019-10-10T21:40:39.760551,23.667,27.35,5.98
2019-10-10T22:00:39.396230,22.753,27.75,5.87
2019-10-10T22:20:40.427279,22.755,27.13,6.00
2019-10-10T22:40:40.025106,22.07,27.03,5.97
2019-10-10T23:00:39.610676,22.769,28.32,5.94
2019-10-10T23:20:39.551157,22.704,27.42,5.98
2019-10-10T23:40:40.285752,22.046,26.21,5.97
2019-10-11T00:00:39.870489,22.366,27.40,5.88
2019-10-11T00:20:39.999959,22.415,26.91,6.01
2019-10-11T00:40:39.622532,22.063,27.54,5.98
2019-10-11T01:00:40.231719,22.175,28.06,5.82
2019-10-11T01:20:40.219755,22.189,29.00,5.96
2019-10-11T01:40:40.016620,23.282,28.41,5.83
2019-10-11T02:00:39.890200,22.024,27.49,5.93
2019-10-11T02:20:39.631721,21.988,29.22,5.95
2019-10-11T02:40:40.449365,22.361,28.44,5.84
2019-10-11T03:00:40.013827,23.342,27.58,5.92
2019-10-11T03:20:39.977618,22.669,28.24,5.99
2019-10-11T03:40:39.657536,22.42,28.68,5.92
2019-10-11T04:00:40.439717,22.655,28.04,6.02
2019-10-11T04:20:40.461587,22.768,27.44,5.94
2019-10-11T04:40:40.180207,25.07,27.13,5.98
2019-10-11T05:00:40.015454,22.791,27.07,5.78
2019-10-11T05:20:39.973957,22.644,28.51,5.92
2019-10-11T05:40:39.858192,21.942,28.02,5.83
2019-10-11T06:00:39.531053,23.289,28.56,5.88
2019-10-11T06:20:39.452876,22.762,28.03,5.94
2019-10-11T06:40:40.314029,23.122,27.69,5.97
2019-10-11T07:00:42.844101,22.656,27.63,5.99
2019-10-11T07:20:39.909303,22.447,28.38,5.84
2019-10-11T07:40:39.661851,21.836,27.80,5.98
2019-10-11T08:00:40.097432,22.017,27.92,5.96
2019-10-11T08:20:39.883704,22.028,28.00,5.91
2019-10-11T08:40:39.313358,22.63,25.77,5.98
2019-10-11T09:00:39.954381,22.269,28.05,5.90
2019-10-11T09:20:40.073903,22.036,27.58,5.92
2019-10-11T09:40:39.594196,23.133,28.44,6.01
2019-10-11T10:00:40.335029,22.377,27.77,5.88
2019-10-11T10:20:40.317875,23.172,28.54,5.93
2019-10-11T10:40:40.119212,22.381,28.19,6.03
2019-10-11T11:00:39.776386,23.657,27.97,5.98
2019-10-11T11:20:39.530495,22.247,27.62,5.93
2019-10-11T11:40:40.079017,22.273,27.98,5.96
2019-10-11T12:00:39.806247,22.026,26.81,5.97
2019-10-11T12:20:39.485256,22.124,27.26,6.00
2019-10-11T12:40:39.900160,21.965,27.74,5.94
2019-10-11T13:00:39.835074,22.477,28.44,5.85
2019-10-11T13:20:40.144446,22.048,28.17,5.96
2019-10-11T13:40:39.506130,22.163,28.25,5.99
2019-10-11T14:00:40.051837,22.33,27.85,5.98
2019-10-11T14:20:39.949567,22.304,28.42,5.88
2019-10-11T14:40:39.397090,23.306,27.80,5.95
2019-10-11T15:00:40.309921,21.935,27.54,5.87
2019-10-11T15:20:40.236843,22.835,26.81,5.70
2019-10-11T15:40:39.879425,22.391,28.12,5.99
2019-10-11T16:00:39.496144,23.556,28.24,5.91
2019-10-11T16:20:41.075916,22.689,27.12,4.51
2019-10-11T16:40:39.684957,22.305,28.45,5.96
2019-10-11T17:00:40.305618,22.44,28.56,5.96
2019-10-11T17:20:40.473460,22.358,27.77,5.97
2019-10-11T17:40:40.238220,22.174,27.81,5.90
2019-10-11T18:00:39.911223,22.147,27.21,6.00
2019-10-11T18:20:39.922559,22.251,28.10,5.94
2019-10-11T18:40:39.788388,22.855,27.84,5.90
2019-10-11T19:00:39.557914,22.874,27.84,5.85
2019-10-11T19:20:39.484140,22.175,27.82,6.01
2019-10-11T19:40:39.987720,22.46,26.33,6.03
2019-10-11T20:00:44.583395,21.965,20.28,5.90
2019-10-11T20:20:44.546264,22.636,26.53,6.01
2019-10-11T20:40:40.559336,22.563,17.92,5.85
2019-10-11T21:00:41.761569,22.688,15.74,6.00
2019-10-11T21:20:39.674491,22.079,27.54,5.92
2019-10-11T21:40:40.309603,22.193,28.31,5.92
2019-10-11T22:00:40.287031,23.96,28.03,5.89
2019-10-11T22:20:40.577931,22.271,28.20,5.84
2019-10-11T22:40:40.375197,22.126,27.89,6.00
2019-10-11T23:00:39.979715,22.526,27.44,5.94
2019-10-11T23:20:40.065521,22.157,22.98,5.93
2019-10-11T23:40:39.698835,22.576,24.67,5.91
2019-10-12T00:00:40.509116,22.493,27.19,5.95
2019-10-12T00:20:39.314080,22.618,27.55,5.91
2019-10-12T00:40:40.420990,22.015,23.10,5.86
2019-10-12T01:00:40.587162,23.613,27.18,5.83
2019-10-12T01:20:39.800094,22.871,27.69,5.81
2019-10-12T01:40:39.941035,23.133,26.56,5.88
2019-10-12T02:00:40.115625,22.451,27.10,5.80
2019-10-12T02:20:40.102918,22.646,27.68,5.76
2019-10-12T02:40:39.881077,22.154,27.57,4.97
2019-10-12T03:00:39.465849,22.741,27.34,5.95
2019-10-12T03:20:40.411245,22.28,26.69,5.93
2019-10-12T03:40:40.320757,23.006,26.57,5.95
2019-10-12T04:00:40.500878,22.158,28.07,5.94
2019-10-12T04:20:39.440967,23.992,28.28,5.99
2019-10-12T04:40:40.245725,22.564,27.72,5.91
2019-10-12T05:00:39.959122,22.474,28.53,5.95
2019-10-12T05:20:40.157846,23.263,28.04,5.95
2019-10-12T05:40:39.802638,22.34,28.35,5.99
2019-10-12T06:00:39.477717,22.885,28.53,5.86
2019-10-12T06:20:39.128875,22.481,28.15,6.04
2019-10-12T06:40:40.110494,22.5,26.65,6.00
2019-10-12T07:00:42.607008,22.808,27.94,5.96
2019-10-12T07:20:40.190802,22.405,28.15,6.00
2019-10-12T07:40:39.791959,23.328,27.49,5.92
2019-10-12T08:00:39.432730,22.607,26.78,5.92
2019-10-12T08:20:40.292314,21.971,27.81,5.90
2019-10-12T08:40:40.304709,23.07,28.44,5.95
2019-10-12T09:00:40.142575,22.301,26.78,5.88
2019-10-12T09:20:40.162434,21.835,27.46,5.95
2019-10-12T09:40:40.025535,22.058,27.67,5.87
2019-10-12T10:00:39.746730,21.95,27.91,5.99
2019-10-12T10:20:39.768994,22.079,27.54,5.99
2019-10-12T10:40:40.704427,21.877,28.29,5.97
2019-10-12T11:00:40.391013,22.103,28.39,6.03
2019-10-12T11:20:40.506490,22.161,28.08,5.99
2019-10-12T11:40:39.955604,21.967,27.65,5.86
2019-10-12T12:00:39.727288,22.264,27.59,6.01
2019-10-12T12:20:39.526185,23.728,28.30,5.99
2019-10-12T12:40:40.201052,22.606,29.20,5.99
2019-10-12T13:00:39.794605,22.125,27.82,6.01
2019-10-12T13:20:39.662589,21.837,28.18,5.93
2019-10-12T13:40:39.970011,22.142,28.07,6.02
2019-10-12T14:00:40.096833,22.223,27.12,5.91
2019-10-12T14:20:40.544699,22.401,28.70,5.92
2019-10-12T14:40:40.355159,22.251,29.10,6.00
2019-10-12T15:00:40.120744,21.99,28.27,5.95
2019-10-12T15:20:39.882025,22.306,28.53,6.00
2019-10-12T15:40:39.402709,22.551,28.31,5.98
2019-10-12T16:00:39.877698,22.213,27.54,5.94
2019-10-12T16:20:40.129941,22.396,27.97,5.93
2019-10-12T16:40:39.826238,22.779,27.99,5.92
2019-10-12T17:00:39.243088,22.799,27.90,5.93
2019-10-12T17:20:40.179754,22.101,27.28,5.95
2019-10-12T17:40:39.796819,22.134,27.09,6.01
2019-10-12T18:00:39.325146,23.619,27.51,6.04
2019-10-12T18:20:40.108377,22.43,25.71,6.01
2019-10-12T18:40:40.070004,22.408,26.18,5.87
2019-10-12T19:00:39.938970,23.679,27.54,6.02
2019-10-12T19:20:39.957318,22.364,26.54,5.91
2019-10-12T19:40:39.637791,22.722,27.99,5.85
2019-10-12T20:00:40.192576,22.656,28.82,6.00
2019-10-12T20:20:40.115190,22.264,23.11,6.00
2019-10-12T20:40:40.170138,22.148,25.30,5.92
2019-10-12T21:00:40.134668,22.578,25.39,5.99
2019-10-12T21:20:40.056508,21.911,24.13,5.99
2019-10-12T21:40:40.786651,22.388,18.08,5.40
2019-10-12T22:00:44.003045,22.462,14.05,5.98
2019-10-12T22:20:40.896902,22.236,23.05,5.52
2019-10-12T22:40:39.622258,22.463,28.05,6.01
2019-10-12T23:00:40.215610,23.024,27.93,6.05
2019-10-12T23:20:40.254273,22.658,28.14,5.91
2019-10-12T23:40:40.333908,22.432,26.68,5.94
2019-10-13T00:00:39.963884,22.46,27.94,5.96
2019-10-13T00:20:39.995906,22.604,27.99,5.86
2019-10-13T00:40:39.657589,22.288,27.31,5.99
2019-10-13T01:00:40.341942,23.257,28.11,6.04
2019-10-13T01:20:40.143070,23.019,28.39,6.03
2019-10-13T01:40:40.061990,22.302,27.57,5.83
2019-10-13T02:00:39.503900,22.516,27.95,6.02
2019-10-13T02:20:39.374528,22.49,27.95,6.02
2019-10-13T02:40:40.376003,22.691,27.55,5.83
2019-10-13T03:00:40.286095,22.643,27.33,5.84
2019-10-13T03:20:40.295177,21.795,28.51,5.99
2019-10-13T03:40:40.074433,22.086,27.17,5.86
2019-10-13T04:00:39.576721,22.863,27.97,6.02
2019-10-13T04:20:39.486269,23.613,27.83,6.05
2019-10-13T04:40:40.038039,22.965,26.66,6.01
2019-10-13T05:00:40.017184,22.441,27.26,5.84
2019-10-13T05:20:39.672952,22.201,28.78,6.02
2019-10-13T05:40:40.498760,22.321,27.65,5.85
2019-10-13T06:00:40.321386,22.992,27.78,5.84
2019-10-13T06:20:40.210484,21.633,27.89,5.99
2019-10-13T06:40:40.265085,22.483,28.94,5.91
2019-10-13T07:00:43.253327,22.703,27.23,5.96
2019-10-13T07:20:39.309391,22.93,27.99,6.00
2019-10-13T07:40:39.672709,22.344,26.63,6.01
2019-10-13T08:00:40.391547,22.198,27.83,5.99
2019-10-13T08:20:40.557448,22.751,28.83,5.87
2019-10-13T08:40:40.427144,22.229,27.97,5.86
2019-10-13T09:00:40.216024,22.476,27.83,5.89
2019-10-13T09:20:40.070286,21.815,26.61,6.03
2019-10-13T09:40:40.113543,21.953,27.35,5.93
2019-10-13T10:00:39.999545,22.646,26.98,5.83
2019-10-13T10:20:39.706191,21.793,28.04,5.99
2019-10-13T10:40:40.723099,22.217,26.87,5.94
2019-10-13T11:00:40.418305,22.083,28.15,5.98
2019-10-13T11:20:40.265196,22.253,28.40,6.03
2019-10-13T11:40:40.030099,22.058,28.73,5.97
2019-10-13T12:00:39.845833,22.247,27.14,5.99
2019-10-13T12:20:39.943928,22.732,28.71,5.86
2019-10-13T12:40:39.526996,22.599,27.50,5.98
2019-10-13T13:00:39.886174,21.713,27.57,6.03
2019-10-13T13:20:39.727703,21.962,27.41,5.99
2019-10-13T13:40:40.223534,22.24,28.05,5.77
2019-10-13T14:00:40.244160,22.039,27.66,5.95
2019-10-13T14:20:39.956107,21.662,27.68,6.01
2019-10-13T14:40:39.495013,22.796,28.50,6.02
2019-10-13T15:00:40.140644,22.13,28.03,5.98
2019-10-13T15:20:39.964762,22.244,27.88,5.99
2019-10-13T15:40:39.623067,22.615,27.47,5.98
2019-10-13T16:00:40.107311,22.013,28.21,5.98
2019-10-13T16:20:40.521680,23.692,27.39,5.74
2019-10-13T16:40:40.061722,23.107,27.31,5.98
2019-10-13T17:00:39.854729,22.175,28.48,5.98
2019-10-13T17:20:39.707119,23.459,27.04,5.87
2019-10-13T17:40:40.564388,22.087,27.69,6.01
2019-10-13T18:00:40.808497,22.142,27.26,5.94
2019-10-13T18:20:39.593294,22.417,27.67,6.01
2019-10-13T18:40:40.149906,22.499,27.63,5.99
2019-10-13T19:00:39.902766,23.299,27.35,5.94
2019-10-13T19:20:39.702698,22.744,28.21,5.98
2019-10-13T19:40:40.447092,22.843,27.86,5.82
2019-10-13T20:00:40.022331,22.006,28.23,5.90
2019-10-13T20:20:41.341788,22.884,17.29,5.30
2019-10-13T20:40:50.139600,22.04,10.69,5.75
2019-10-13T21:00:39.900892,21.578,26.15,5.90
2019-10-13T21:20:39.882390,22.241,27.65,5.88
2019-10-13T21:40:39.301207,22.434,23.29,5.92
2019-10-13T22:00:40.056126,22.531,28.15,5.75
2019-10-13T22:20:39.909330,22.852,25.24,6.00
2019-10-13T22:40:39.800890,23.254,26.17,5.97
2019-10-13T23:00:39.624013,22.053,26.72,5.98
2019-10-13T23:20:39.330653,22.732,27.93,5.99
2019-10-13T23:40:39.887800,22.09,24.09,5.95
2019-10-14T00:00:39.472680,22.917,27.51,6.02
2019-10-14T00:20:42.569736,22.121,16.27,5.88
2019-10-14T00:40:40.161364,21.997,26.85,6.00
2019-10-14T01:00:40.093229,23.024,26.49,5.87
2019-10-14T01:20:40.350566,22.462,27.90,5.97
2019-10-14T01:40:39.859485,22.231,27.66,6.02
2019-10-14T02:00:39.541155,23.596,28.42,5.87
2019-10-14T02:20:39.518961,23.421,27.53,5.88
2019-10-14T02:40:40.313667,22.402,28.58,5.91
2019-10-14T03:00:39.953526,24.791,27.96,6.01
2019-10-14T03:20:39.884233,23.066,27.52,5.87
2019-10-14T03:40:39.667167,23.982,27.41,5.86
2019-10-14T04:00:40.491945,22.785,27.47,5.98
2019-10-14T04:20:39.456357,24.005,28.59,5.99
2019-10-14T04:40:40.061916,22.462,27.54,5.96
2019-10-14T05:00:39.463260,22.774,26.76,5.84
2019-10-14T05:20:40.252588,22.827,27.25,5.98
2019-10-14T05:40:39.938474,22.291,28.65,5.87
2019-10-14T06:00:39.359299,22.845,28.25,5.91
2019-10-14T06:20:40.183224,21.963,27.43,5.96
2019-10-14T06:40:39.986616,22.421,27.33,5.97
2019-10-14T07:00:42.882159,22.263,28.26,5.87
2019-10-14T07:20:40.020170,21.919,28.04,5.99
2019-10-14T07:40:39.739176,22.079,27.55,5.93
2019-10-14T08:00:40.498906,21.984,27.53,5.76
2019-10-14T08:20:39.539855,22.626,27.17,6.01
2019-10-14T08:40:40.353369,21.718,26.77,5.97
2019-10-14T09:00:40.338547,21.72,27.06,5.74
2019-10-14T09:20:40.266224,21.737,27.80,5.94
2019-10-14T09:40:40.061861,21.921,26.87,5.95
2019-10-14T10:00:39.863342,22.231,27.51,6.00
2019-10-14T10:20:39.658224,23.34,27.85,5.94
2019-10-14T10:40:40.445727,22.082,26.82,5.94
2019-10-14T11:00:39.948259,23.516,27.40,5.91
2019-10-14T11:20:40.093292,21.755,27.84,5.93
2019-10-14T11:40:39.534836,22.431,26.46,5.98
2019-10-14T12:00:39.809549,22.449,27.24,6.02
2019-10-14T12:20:39.989428,22.095,27.58,6.01
2019-10-14T12:40:39.723205,22.858,28.06,5.88
2019-10-14T13:00:40.351479,21.959,27.06,5.98
2019-10-14T13:20:40.349422,22.136,26.79,6.00
2019-10-14T13:40:39.869500,23.324,28.23,6.04
2019-10-14T14:00:39.703440,22.895,27.91,5.97
2019-10-14T14:20:39.634888,22.14,26.26,6.01
2019-10-14T14:40:40.426341,22.66,28.72,5.95
2019-10-14T15:00:40.338134,21.774,27.85,5.85
2019-10-14T15:20:40.408181,22.814,27.89,5.94
2019-10-14T15:40:40.272456,22.504,28.40,5.86
2019-10-14T16:00:40.160120,22.31,27.35,5.97
2019-10-14T16:20:39.935075,22.332,28.43,5.93
2019-10-14T16:40:39.513609,22.803,27.74,6.00
2019-10-14T17:00:40.035444,22.107,27.10,5.99
2019-10-14T17:20:39.879561,22.639,27.15,5.97
2019-10-14T17:40:39.838301,22.757,27.69,5.95
2019-10-14T18:00:39.585564,22.576,27.09,5.92
2019-10-14T18:20:39.653412,23.333,28.92,5.87
2019-10-14T18:40:40.175176,22.488,27.90,6.02
2019-10-14T19:00:39.661855,22.213,28.16,5.96
2019-10-14T19:20:39.664762,22.81,28.35,5.88
2019-10-14T19:40:40.359263,22.562,28.30,6.01
2019-10-14T20:00:39.833967,21.992,27.61,6.00
2019-10-14T20:20:39.601760,22.688,28.25,6.03
2019-10-14T20:40:40.473558,22.253,27.03,5.99
2019-10-14T21:00:40.317378,23.216,26.86,5.99
2019-10-14T21:20:40.264545,22.057,27.47,5.88
2019-10-14T21:40:39.852536,22.06,27.77,5.92
2019-10-14T22:00:39.493779,22.6,27.61,5.97
2019-10-14T22:20:39.549644,22.624,26.52,5.92
2019-10-14T22:40:40.234792,21.989,27.45,5.94
2019-10-14T23:00:40.381995,22.214,26.16,5.84
2019-10-14T23:20:40.681373,22.404,27.39,5.85
2019-10-14T23:40:40.384358,22.271,29.24,5.87
2019-10-15T00:00:40.025480,22.312,26.75,6.00
2019-10-15T00:20:40.165245,22.908,28.12,4.94
2019-10-15T00:40:40.310943,23.66,28.87,5.18
2019-10-15T01:00:43.099563,23.438,28.22,3.86
2019-10-15T01:20:40.212225,23.382,28.37,4.93
2019-10-15T01:40:40.090945,22.907,29.17,5.91
2019-10-15T02:00:40.016306,22.734,27.82,5.82
2019-10-15T02:20:40.028358,24.166,28.82,5.96
2019-10-15T02:40:39.742170,22.817,28.24,5.97
2019-10-15T03:00:40.527016,23.357,27.17,5.92
2019-10-15T03:20:39.627362,22.993,27.83,5.92
2019-10-15T03:40:40.299443,23.419,28.65,5.90
2019-10-15T04:00:39.837618,24.386,27.41,6.03
2019-10-15T04:20:40.135409,22.628,27.93,5.86
2019-10-15T04:40:39.624793,23.701,28.27,6.02
2019-10-15T05:00:40.327386,22.188,28.13,5.93
2019-10-15T05:20:40.580910,23.636,27.64,5.86
2019-10-15T05:40:40.452679,23.448,28.19,5.18
2019-10-15T06:00:40.073013,23.358,27.96,6.02
2019-10-15T06:20:40.019879,22.523,28.56,5.99
2019-10-15T06:40:40.002044,22.323,26.81,5.99
2019-10-15T07:00:42.817831,21.889,27.39,5.98
2019-10-15T07:20:39.465440,22.549,28.68,5.97
2019-10-15T07:40:40.331584,22.448,27.14,5.91
2019-10-15T08:00:39.909196,22.63,28.46,5.89
2019-10-15T08:20:39.634246,22.51,27.49,5.99
2019-10-15T08:40:39.971102,21.861,27.30,5.97
2019-10-15T09:00:39.862811,22.293,27.20,5.89
2019-10-15T09:20:39.657796,22.276,27.73,5.99
2019-10-15T09:40:40.403299,22.064,28.37,6.02
2019-10-15T10:00:40.177405,22.551,26.94,5.92
2019-10-15T10:20:40.756008,22.287,27.59,5.85
2019-10-15T10:40:40.807891,21.725,27.71,5.91
2019-10-15T11:00:40.038774,22.169,27.19,5.67
2019-10-15T11:20:40.619558,22.504,25.02,5.91
2019-10-15T11:40:40.065058,22.622,27.73,6.03
2019-10-15T12:00:39.488395,22.499,27.94,5.99
2019-10-15T12:20:39.979966,22.588,28.46,5.96
2019-10-15T12:40:39.564823,22.432,27.02,5.98
2019-10-15T13:00:40.203907,21.941,28.15,5.94
2019-10-15T13:20:40.205493,23.04,27.49,5.97
2019-10-15T13:40:39.471957,22.378,27.57,5.94
2019-10-15T14:00:40.062112,22.505,26.89,6.00
2019-10-15T14:20:40.084600,22.249,28.50,5.99
2019-10-15T14:40:39.554632,22.912,28.12,5.97
2019-10-15T15:00:40.417136,23.494,28.53,6.01
2019-10-15T15:20:40.366602,21.736,27.60,5.89
2019-10-15T15:40:40.112811,22.912,29.22,5.91
2019-10-15T16:00:40.078499,22.792,27.54,5.96
2019-10-15T16:20:40.229100,22.102,27.79,5.94
2019-10-15T16:40:39.951097,22.29,27.54,5.98
2019-10-15T17:00:39.698162,23.206,28.26,5.96
2019-10-15T17:20:39.914412,22.371,27.50,5.70
2019-10-15T17:40:40.039775,22.249,26.75,5.93
2019-10-15T18:00:40.053232,23.067,27.71,5.80
2019-10-15T18:20:39.870011,21.752,27.29,5.94
2019-10-15T18:40:39.386442,22.112,28.17,5.98
2019-10-15T19:00:40.075044,22.241,27.62,5.98
2019-10-15T19:20:39.979561,22.433,28.03,5.86
2019-10-15T19:40:39.522856,22.519,28.89,6.06
2019-10-15T20:00:40.460709,22.175,27.12,5.99
2019-10-15T20:20:40.428969,23.524,27.85,5.98
2019-10-15T20:40:39.981467,22.04,26.21,5.89
2019-10-15T21:00:39.854076,22.648,27.58,5.93
2019-10-15T21:20:39.891707,22.827,26.89,6.02
2019-10-15T21:40:39.528523,22.775,28.44,5.86
2019-10-15T22:00:39.776232,22.517,28.36,5.96
2019-10-15T22:20:39.852921,21.943,28.34,5.87
2019-10-15T22:40:39.241800,22.531,27.51,5.98
2019-10-15T23:00:40.051682,22.563,27.88,5.95
2019-10-15T23:20:40.165623,22.479,20.59,5.94
2019-10-15T23:40:40.072553,22.225,28.51,5.99
2019-10-16T00:00:39.890945,21.863,27.51,5.95
2019-10-16T00:20:40.023218,22.16,26.59,5.93
2019-10-16T00:40:39.695000,23.16,26.91,5.92
2019-10-16T01:00:40.280783,22.37,26.86,5.89
2019-10-16T01:20:40.794219,23.923,28.59,5.95
2019-10-16T01:40:39.900316,22.4,26.79,6.01
2019-10-16T02:00:39.258435,22.417,27.59,5.97
2019-10-16T02:20:40.081409,22.797,26.52,5.97
2019-10-16T02:40:39.880496,22.765,27.94,5.92
2019-10-16T03:00:39.548279,22.559,27.12,5.91
2019-10-16T03:20:39.696201,22.577,28.41,5.89
2019-10-16T03:40:40.582638,23.257,28.46,5.89
2019-10-16T04:00:48.395400,23.309,27.28,5.85
2019-10-16T04:20:40.473331,23.733,28.70,5.86
2019-10-16T04:40:40.214227,22.842,27.22,5.99
2019-10-16T05:00:40.062928,22.713,27.76,5.83
2019-10-16T05:20:40.221929,22.522,27.58,5.94
2019-10-16T05:40:39.976323,22.682,27.75,5.92
2019-10-16T06:00:39.615134,22.514,27.54,5.92
2019-10-16T06:20:39.932400,22.634,27.40,5.81
2019-10-16T06:40:39.382342,22.823,27.22,5.93
2019-10-16T07:00:43.100805,21.941,27.34,5.82
2019-10-16T07:20:39.246352,22.524,27.75,6.04
2019-10-16T07:40:39.651677,23.109,26.59,5.97
2019-10-16T08:00:40.303859,22.736,27.70,5.97
2019-10-16T08:20:40.419965,22.666,27.93,5.92
2019-10-16T08:40:40.171248,22.111,27.36,6.00
2019-10-16T09:00:39.782009,21.726,27.71,5.97
2019-10-16T09:20:40.020646,22.184,27.43,5.84
2019-10-16T09:40:39.751331,22.206,27.49,5.99
2019-10-16T10:00:40.384920,22.704,28.51,6.04
2019-10-16T10:20:40.562191,22.336,28.56,6.01
2019-10-16T10:40:40.052196,21.962,28.27,5.99
2019-10-16T11:00:39.662399,22.282,27.61,6.00
2019-10-16T11:20:39.801479,22.042,27.16,5.91
2019-10-16T11:40:39.569459,22.464,27.69,6.00
2019-10-16T12:00:40.222954,22.865,28.01,5.89
2019-10-16T12:20:40.134949,22.079,27.78,6.00
2019-10-16T12:40:39.772176,22.644,27.59,5.96
2019-10-16T13:00:41.650977,22.027,27.84,5.39
2019-10-16T13:20:39.638260,22.467,27.35,5.95
2019-10-16T13:40:39.963612,22.18,27.71,5.91
2019-10-16T14:00:39.757218,22.62,27.82,5.85
2019-10-16T14:20:43.465960,22.5,18.37,5.97
2019-10-16T14:40:39.892281,22.705,28.20,5.99
2019-10-16T15:00:39.834693,23.063,28.46,5.95
2019-10-16T15:20:40.187930,22.758,29.48,5.93
2019-10-16T15:40:39.820658,22.953,27.33,6.02
2019-10-16T16:00:39.790315,22.519,27.74,5.97
2019-10-16T16:20:39.833512,22.301,27.77,5.74
2019-10-16T16:40:39.632441,22.775,27.56,5.75
2019-10-16T17:00:40.526584,22.601,28.87,5.98
2019-10-16T17:20:39.477049,22.62,27.94,5.96
2019-10-16T17:40:40.109929,22.505,28.08,5.87
2019-10-16T18:00:39.903861,22.142,27.09,6.02
2019-10-16T18:20:39.662336,23.269,28.28,5.99
2019-10-16T18:40:40.230982,21.933,27.77,6.02
2019-10-16T19:00:40.179267,22.241,26.93,6.00
2019-10-16T19:20:40.374855,23.222,27.05,5.87
2019-10-16T19:40:40.107341,23.771,28.37,5.87
2019-10-16T20:00:40.104416,22.469,28.04,5.82
2019-10-16T20:20:40.162434,21.819,27.42,6.02
2019-10-16T20:40:40.151272,21.565,27.08,5.98
2019-10-16T21:00:40.222305,22.094,28.02,5.87
2019-10-16T21:20:40.185940,22.389,27.13,5.97
2019-10-16T21:40:39.937307,22.005,28.12,6.06
2019-10-16T22:00:39.746492,23.584,28.02,5.96
2019-10-16T22:20:39.572107,22.783,27.36,5.92
2019-10-16T22:40:40.195690,22.49,27.43,6.00
2019-10-16T23:00:40.358305,22.137,28.02,6.00
2019-10-16T23:20:40.334798,23.059,28.49,5.97
2019-10-16T23:40:39.993775,22.377,27.36,5.95
2019-10-17T00:00:39.563908,22.794,27.18,5.97
2019-10-17T00:20:39.804428,22.711,28.25,5.88
2019-10-17T00:40:39.389302,22.303,29.23,5.99
2019-10-17T01:00:40.026494,22.103,27.66,6.02
2019-10-17T01:20:40.146788,22.529,28.25,5.92
2019-10-17T01:40:39.718558,22.794,28.21,5.92
2019-10-17T02:00:40.394177,22.002,26.60,5.94
2019-10-17T02:20:40.576589,22.35,27.42,5.96
2019-10-17T02:40:40.228701,22.401,28.84,5.95
2019-10-17T03:00:40.305524,22.502,28.29,5.99
2019-10-17T03:20:40.323584,22.965,28.21,5.83
2019-10-17T03:40:39.884759,22.535,28.61,6.02
2019-10-17T04:00:39.590482,23.462,28.21,5.90
2019-10-17T04:20:40.124054,23.766,27.78,5.93
2019-10-17T04:40:39.955443,24.18,28.54,6.02
2019-10-17T05:00:39.576568,22.567,28.09,5.96
2019-10-17T05:20:39.526344,22.184,28.29,5.89
2019-10-17T05:40:39.958957,22.454,28.94,5.98
2019-10-17T06:00:39.657603,23.309,27.57,6.03
2019-10-17T06:20:40.091506,22.893,27.38,5.87
2019-10-17T06:40:39.536674,22.612,28.20,6.00
2019-10-17T07:00:42.937404,22.243,27.85,5.92
2019-10-17T07:20:39.919950,21.867,26.16,5.99
2019-10-17T07:40:40.068953,21.989,27.63,6.00
2019-10-17T08:00:39.652759,22.672,27.16,6.00
2019-10-17T08:20:39.472719,22.672,27.01,6.03
2019-10-17T08:40:40.196192,22.494,27.89,6.01
2019-10-17T09:00:39.931969,22.303,26.92,5.92
2019-10-17T09:20:39.686632,23.36,27.91,6.01
2019-10-17T09:40:40.820644,21.99,26.91,5.94
2019-10-17T10:00:39.451466,22.51,27.10,5.90
2019-10-17T10:20:40.614982,22.719,28.19,5.96
2019-10-17T10:40:40.287626,22.19,27.40,5.80
2019-10-17T11:00:39.867401,22.097,27.71,5.96
2019-10-17T11:20:39.817300,22.521,27.97,6.03
2019-10-17T11:40:39.513190,22.702,27.14,5.98
2019-10-17T12:00:39.982001,22.227,27.65,5.92
2019-10-17T12:20:40.146887,21.968,27.65,5.93
2019-10-17T12:40:39.843002,22.581,27.73,5.89
2019-10-17T13:00:39.483661,23.763,28.46,6.00
2019-10-17T13:20:39.747171,22.427,25.99,6.00
2019-10-17T13:40:40.076115,22.394,27.74,6.00
2019-10-17T14:00:40.114434,22.493,27.26,5.89
2019-10-17T14:20:40.120212,22.103,27.56,5.88
2019-10-17T14:40:39.623214,22.261,27.35,6.01
2019-10-17T15:00:40.293452,22.408,27.57,5.93
2019-10-17T15:20:40.193170,22.066,28.41,5.68
2019-10-17T15:40:39.782082,21.941,27.63,6.00
2019-10-17T16:00:39.489041,22.233,27.10,5.94
2019-10-17T16:20:50.248877,26.722,6.71,5.96
2019-10-17T16:40:40.163794,21.958,28.60,6.03
2019-10-17T17:00:40.087709,22.341,27.88,6.00
2019-10-17T17:20:40.036430,22.552,27.97,6.00
2019-10-17T17:40:39.870592,23.208,27.13,5.88
2019-10-17T18:00:39.989684,22.505,25.88,5.88
2019-10-17T18:20:39.882070,23.273,27.47,5.92
2019-10-17T18:40:39.706313,23.638,27.31,5.83
2019-10-17T19:00:40.981812,23.999,27.19,5.83
2019-10-17T19:20:39.972512,22.297,27.62,5.97
2019-10-17T19:40:39.451938,22.355,27.24,6.02
2019-10-17T20:00:39.925603,23.279,27.74,5.96
2019-10-17T20:20:39.989408,22.113,26.88,5.90
2019-10-17T20:40:39.767814,22.314,27.33,5.82
2019-10-17T21:00:40.992309,21.962,27.95,5.96
2019-10-17T21:20:40.256570,21.974,27.61,5.99
2019-10-17T21:40:39.984857,22.162,27.80,5.96
2019-10-17T22:00:39.687912,22.588,27.35,5.84
2019-10-17T22:20:39.690398,22.837,28.51,6.02
2019-10-17T22:40:40.766358,22.859,26.91,5.90
2019-10-17T23:00:40.593813,22.109,25.37,5.93
2019-10-17T23:20:39.391969,22.307,26.75,6.00
2019-10-17T23:40:40.064782,21.606,27.63,5.99
2019-10-18T00:00:39.762520,23.163,27.99,5.95
2019-10-18T00:20:39.676990,21.504,27.65,5.98
2019-10-18T00:40:40.376456,22.011,27.73,5.87
2019-10-18T01:00:40.183229,22.521,26.89,5.91
2019-10-18T01:20:39.917476,21.964,27.66,6.02
2019-10-18T01:40:39.432091,22.775,27.59,6.01
2019-10-18T02:00:40.513939,22.135,29.18,5.92
2019-10-18T02:20:39.775922,22.188,27.98,5.86
2019-10-18T02:40:39.489809,23.361,27.41,5.98
2019-10-18T03:00:40.174286,21.907,26.94,6.00
2019-10-18T03:20:40.081217,22.648,27.95,5.79
2019-10-18T03:40:39.880100,22.546,28.20,5.74
2019-10-18T04:00:39.631685,23.3,26.78,5.76
2019-10-18T04:20:39.686499,22.352,27.46,5.69
2019-10-18T04:40:40.509986,24.039,27.86,5.98
2019-10-18T05:00:40.213216,23.725,27.47,5.96
2019-10-18T05:20:40.263009,22.325,27.02,5.86
2019-10-18T05:40:39.957360,21.924,28.15,5.91
2019-10-18T06:00:39.418240,23.746,28.25,5.93
2019-10-18T06:20:40.295789,22.484,27.28,5.93
2019-10-18T06:40:40.048281,22.077,28.93,5.91
2019-10-18T07:00:42.403865,22.025,27.98,6.02
2019-10-18T07:20:40.524862,22.036,27.50,5.97
2019-10-18T07:40:40.202942,21.947,27.56,5.96
2019-10-18T08:00:39.884486,22.521,27.88,5.99
2019-10-18T08:20:40.050846,21.705,26.97,5.94
2019-10-18T08:40:39.914727,22.316,27.79,5.86
2019-10-18T09:00:39.789633,22.247,28.53,6.00
2019-10-18T09:20:39.849846,22.659,27.87,5.99
2019-10-18T09:40:39.972385,21.809,27.61,5.94
2019-10-18T10:00:40.225549,22.442,26.66,5.94
2019-10-18T10:20:40.155984,21.717,27.51,5.92
2019-10-18T10:40:39.797528,21.821,27.61,5.95
2019-10-18T11:00:39.690659,22.712,28.28,5.90
2019-10-18T11:20:39.616315,22.457,27.35,5.98
2019-10-18T11:40:40.732554,21.94,27.52,5.91
2019-10-18T12:00:40.863936,22.41,27.05,5.80
2019-10-18T12:20:39.594268,21.772,27.99,5.96
2019-10-18T12:40:40.303846,21.956,27.66,5.99
2019-10-18T13:00:40.118220,21.994,27.31,5.98
2019-10-18T13:20:40.217105,21.711,27.47,5.98
2019-10-18T13:40:39.960162,22.283,28.04,5.97
2019-10-18T14:00:40.180664,21.993,26.81,5.89
2019-10-18T14:20:40.884152,21.799,28.17,5.80
2019-10-18T14:40:39.302014,22.565,27.71,5.93
2019-10-18T15:00:39.975635,21.804,27.79,5.98
2019-10-18T15:20:40.033193,21.867,27.65,5.87
2019-10-18T15:40:39.849840,21.976,27.62,5.97
2019-10-18T16:00:39.527818,22.803,27.84,6.02
2019-10-18T16:20:39.177958,23.488,27.74,6.00
2019-10-18T16:40:40.261533,21.919,26.61,6.02
2019-10-18T17:00:40.614807,23.206,28.48,5.88
2019-10-18T17:20:39.749572,22.21,27.94,5.89
2019-10-18T17:40:40.437365,21.891,27.67,5.99
2019-10-18T18:00:39.950977,22.095,28.12,5.94
2019-10-18T18:20:39.945222,21.811,27.69,5.80
2019-10-18T18:40:39.886161,23.285,28.71,5.93
2019-10-18T19:00:39.751921,22.591,27.82,5.86
2019-10-18T19:20:40.021478,21.734,26.86,5.96
2019-10-18T19:40:39.844714,21.884,27.57,5.86
2019-10-18T20:00:39.396102,22.213,27.61,5.93
2019-10-18T20:20:41.779606,21.698,25.17,5.15
2019-10-18T20:40:39.461183,22.138,28.17,5.88
2019-10-18T21:00:40.068193,21.943,27.55,5.94
2019-10-18T21:20:43.711301,22.157,11.50,5.94
2019-10-18T21:40:45.818188,23.458,14.66,5.60
2019-10-18T22:00:45.259202,22.435,11.46,5.89
2019-10-18T22:20:40.371545,22.949,27.40,5.93
2019-10-18T22:40:40.985594,22.042,22.68,5.57
2019-10-18T23:00:39.935814,22.108,28.13,6.01
2019-10-18T23:20:39.913485,22.256,28.19,5.99
2019-10-18T23:40:39.976618,21.961,28.12,5.99
2019-10-19T00:00:39.562330,21.649,27.43,6.03
2019-10-19T00:20:39.553856,22.954,28.19,5.95
2019-10-19T00:40:40.386438,22.059,27.04,5.84
2019-10-19T01:00:40.361132,22.516,28.05,5.85
2019-10-19T01:20:40.473503,21.876,26.85,5.84
2019-10-19T01:40:40.203971,21.731,27.27,5.99
2019-10-19T02:00:40.032009,21.765,27.41,5.99
2019-10-19T02:20:40.418874,22.479,28.45,5.00
2019-10-19T02:40:42.388192,22.579,28.48,5.94
2019-10-19T03:00:41.325001,24.283,27.72,5.98
2019-10-19T03:20:42.476725,24.743,27.10,5.94
2019-10-19T03:40:41.874410,27.06,28.90,5.99
2019-10-19T04:00:43.965117,23.028,27.20,5.90
2019-10-19T04:20:44.139714,65.703,26.52,5.90
2019-10-19T04:40:41.329949,22.676,27.87,6.00
2019-10-19T05:00:43.572067,23.606,27.80,6.03
2019-10-19T05:20:43.957265,22.748,27.54,6.00
2019-10-19T05:40:40.729142,22.552,27.62,5.96
2019-10-19T06:00:45.202195,37.074,26.96,5.96
2019-10-19T06:20:43.394623,26.109,27.99,5.97
2019-10-19T06:40:44.481748,24.062,27.49,6.00
2019-10-19T07:00:47.249713,99.274,27.93,5.95
2019-10-19T07:20:42.752876,23.448,27.60,5.92
2019-10-19T07:40:45.944742,22.713,27.16,6.00
2019-10-19T08:00:41.779511,26.444,28.31,6.01
2019-10-19T08:20:42.190694,22.658,26.41,6.01
2019-10-19T08:40:43.412688,22.506,26.73,5.91
2019-10-19T09:00:43.475576,23.987,27.54,6.00
2019-10-19T09:20:41.159871,22.078,28.45,5.91
2019-10-19T09:40:44.131030,55.184,28.78,5.85
2019-10-19T10:00:40.166744,22.225,27.49,6.01
2019-10-19T10:20:41.758128,23.726,28.49,5.92
2019-10-19T10:40:41.582216,21.291,28.22,6.02
2019-10-19T11:00:44.830839,90.354,28.34,5.89
2019-10-19T11:20:42.087115,26.976,28.68,5.95
2019-10-19T11:40:47.508346,123.307,27.43,5.92
2019-10-19T12:00:43.271309,22.231,27.93,6.03
2019-10-19T12:20:41.173563,23.718,27.61,6.01
2019-10-19T12:40:42.447541,22.225,27.74,5.98
2019-10-19T13:00:44.421963,43.369,28.44,5.98
2019-10-19T13:20:44.417336,24.309,17.91,5.98
2019-10-19T13:40:41.743243,22.322,28.84,6.02
2019-10-19T14:00:41.614401,23.714,28.29,5.97
2019-10-19T14:20:43.461308,23.999,26.01,5.95
2019-10-19T14:40:44.667327,21.97,25.69,5.94
2019-10-19T15:00:42.082956,23.116,28.26,5.97
2019-10-19T15:20:41.214115,23.121,28.37,5.95
2019-10-19T15:40:43.674830,22.757,28.43,5.95
2019-10-19T16:00:45.462235,24.851,27.77,5.95
2019-10-19T16:20:40.847132,22.849,27.99,5.92
2019-10-19T16:40:42.478207,24.154,26.71,5.84
2019-10-19T17:00:44.313148,21.879,26.36,5.98
2019-10-19T17:20:41.075143,22.436,28.17,5.81
2019-10-19T17:40:41.170676,22.073,28.21,5.97
2019-10-19T18:00:41.984108,22.335,28.23,5.93
2019-10-19T18:20:41.656142,22.235,27.37,5.89
2019-10-19T18:40:41.357428,22.444,27.99,5.95
2019-10-19T19:00:40.609426,22.136,28.33,5.82
2019-10-19T19:20:40.880837,24.85,28.39,5.97
2019-10-19T19:40:39.977716,23.454,27.77,5.84
2019-10-19T20:00:40.001305,21.973,27.04,5.83
2019-10-19T20:20:41.716456,29.772,28.95,5.97
2019-10-19T20:40:42.331414,22.629,27.17,5.85
2019-10-19T21:00:41.071193,25.481,27.29,5.92
2019-10-19T21:20:45.357809,26.717,26.41,5.89
2019-10-19T21:40:40.839102,22.233,28.43,5.95
2019-10-19T22:00:41.151736,24.34,28.43,5.89
2019-10-19T22:20:43.031780,25.085,28.30,5.99
2019-10-19T22:40:41.139072,24.059,28.12,5.93
2019-10-19T23:00:42.873286,25.998,28.25,6.03
2019-10-19T23:20:45.407842,24.679,27.26,6.00
2019-10-19T23:40:45.616366,27.587,27.56,5.94
2019-10-20T00:00:42.817614,23.404,27.86,6.03
2019-10-20T00:20:43.349020,22.079,27.93,5.85
2019-10-20T00:40:44.508140,22.647,27.80,5.85
2019-10-20T01:00:43.910509,22.841,28.07,5.97
2019-10-20T01:20:43.346535,24.181,28.46,5.97
2019-10-20T01:40:46.465351,27.163,23.87,5.98
2019-10-20T02:00:44.952090,22.111,28.45,5.98
2019-10-20T02:20:42.184724,22.396,28.06,6.01
2019-10-20T02:40:40.967765,22.685,27.59,5.98
2019-10-20T03:00:39.772750,22.411,28.24,5.96
2019-10-20T03:20:40.154093,22.323,27.31,5.94
2019-10-20T03:40:44.518772,28.895,27.17,5.95
2019-10-20T04:00:44.944747,24.357,28.11,5.97
2019-10-20T04:20:41.609000,24.774,29.01,5.87
2019-10-20T04:40:44.073102,24.805,26.54,5.99
2019-10-20T05:00:45.324882,25.197,28.15,5.85
2019-10-20T05:20:42.448111,26.686,28.09,5.88
2019-10-20T05:40:44.499769,27.115,27.01,6.02
2019-10-20T06:00:42.241024,22.207,28.05,5.92
2019-10-20T06:20:43.954340,27.172,27.90,5.96
2019-10-20T06:40:40.960986,23.622,27.19,5.92
2019-10-20T07:00:44.518256,22.765,27.78,5.91
2019-10-20T07:20:41.025578,22.386,28.30,6.01
2019-10-20T07:40:43.412409,22.844,27.61,5.97
2019-10-20T08:00:41.466030,22.445,25.87,5.95
2019-10-20T08:20:41.105167,23.066,26.81,5.92
2019-10-20T08:40:41.494084,24.064,28.24,5.96
2019-10-20T09:00:42.462789,26.138,25.08,5.97
2019-10-20T09:20:42.399106,24.367,28.45,5.93
2019-10-20T09:40:40.559137,22.02,27.23,5.97
2019-10-20T10:00:41.457089,22.672,26.48,5.90
2019-10-20T10:20:42.515626,23.252,27.24,5.99
2019-10-20T10:40:40.901811,22.532,28.40,6.03
2019-10-20T11:00:40.335832,24.775,27.61,5.86
2019-10-20T11:20:41.629173,22.57,26.43,5.99
2019-10-20T11:40:44.936676,22.364,28.19,6.04
2019-10-20T12:00:41.517511,25.047,27.70,5.89
2019-10-20T12:20:42.727627,22.08,28.63,5.95
2019-10-20T12:40:42.644493,23.357,27.84,5.99
2019-10-20T13:00:46.009020,168.063,28.04,5.91
2019-10-20T13:20:42.688848,22.471,28.58,5.95
2019-10-20T13:40:41.249402,23.693,25.92,5.94
2019-10-20T14:00:41.677310,25.172,25.89,5.96
2019-10-20T14:20:40.345979,21.479,27.80,5.96
2019-10-20T14:40:42.670938,24.34,28.09,5.99
2019-10-20T15:00:41.786299,22.188,28.32,6.03
2019-10-20T15:20:51.762090,28.61,20.47,5.99
2019-10-20T15:40:44.016704,25.941,27.34,5.99
2019-10-20T16:00:42.812058,22.57,28.84,6.00
2019-10-20T16:20:42.717988,22.472,27.90,6.00
2019-10-20T16:40:42.215974,22.952,26.37,6.02
2019-10-20T17:00:40.809413,23.788,27.61,6.01
2019-10-20T17:20:42.197267,24.291,27.92,5.99
2019-10-20T17:40:40.698388,24.285,26.73,6.00
2019-10-20T18:00:42.718697,23.226,27.53,5.96
2019-10-20T18:20:41.697794,24.291,27.29,5.95
2019-10-20T18:40:42.387001,23.64,27.26,5.94
2019-10-20T19:00:42.120373,22.125,27.82,5.98
2019-10-20T19:20:47.124127,24.162,27.87,5.91
2019-10-20T19:40:43.241864,24.144,28.59,5.96
2019-10-20T20:00:42.216732,23.031,27.73,5.85
2019-10-20T20:20:41.892286,24.122,28.31,6.00
2019-10-20T20:40:42.290409,22.174,27.25,6.00
2019-10-20T21:00:44.432202,85.654,29.08,5.98
2019-10-20T21:20:42.130536,23.108,27.66,5.99
2019-10-20T21:40:43.417273,22.078,27.43,6.01
2019-10-20T22:00:43.400272,23.022,27.69,5.99
2019-10-20T22:20:41.497461,22.279,26.30,5.91
2019-10-20T22:40:42.268204,24.171,27.31,5.84
2019-10-20T23:00:40.959136,22.434,21.14,5.97
2019-10-20T23:20:42.475066,23.762,26.23,5.95
2019-10-20T23:40:42.203736,26.936,28.32,5.99
2019-10-21T00:00:42.201196,22.58,27.59,5.98
2019-10-21T00:20:41.757958,23.473,26.90,6.01
2019-10-21T00:40:41.720356,23.942,27.76,5.87
2019-10-21T01:00:42.431529,23.826,26.56,5.97
2019-10-21T01:20:43.103125,24.414,28.08,5.97
2019-10-21T01:40:41.370495,23.335,27.69,5.92
2019-10-21T02:00:43.749351,27.302,27.50,6.00
2019-10-21T02:20:40.709634,22.711,27.45,5.87
2019-10-21T02:40:41.749057,29.733,26.16,5.67
2019-10-21T03:00:40.369687,23.057,27.94,5.90
2019-10-21T03:20:40.613359,25.459,26.59,5.64
2019-10-21T03:40:40.595836,25.131,27.88,5.44
2019-10-21T04:00:40.620820,22.872,27.79,5.45
2019-10-21T04:20:41.805832,22.724,27.01,5.94
2019-10-21T04:40:40.274048,24.04,28.64,5.96
2019-10-21T05:00:41.078006,24.536,28.33,5.88
2019-10-21T05:20:41.971494,26.523,27.52,5.89
2019-10-21T05:40:40.094275,25.515,27.49,5.88
2019-10-21T06:00:40.910171,23.848,27.75,5.87
2019-10-21T06:20:43.327010,22.649,27.33,5.96
2019-10-21T06:40:41.850219,22.52,27.90,5.99
2019-10-21T07:00:48.379761,30.511,28.22,5.89
2019-10-21T07:20:43.352917,23.109,27.77,5.99
2019-10-21T07:40:42.357009,22.782,27.75,5.97
2019-10-21T08:00:42.740287,21.661,28.07,5.82
2019-10-21T08:20:43.380725,24.815,27.42,6.01
2019-10-21T08:40:41.636644,23.388,28.14,5.99
2019-10-21T09:00:43.199088,21.999,27.38,6.01
2019-10-21T09:20:43.606679,22.513,26.52,5.96
2019-10-21T09:40:43.258927,28.053,28.39,5.89
2019-10-21T10:00:42.346406,24.883,27.90,5.84
2019-10-21T10:20:44.496761,23.714,27.73,5.89
2019-10-21T10:40:43.647333,24.232,27.04,5.96
2019-10-21T11:00:42.321603,22.864,27.86,5.94
2019-10-21T11:20:42.395725,22.705,27.85,5.88
2019-10-21T11:40:44.350801,23.77,27.71,5.89
2019-10-21T12:00:40.622947,22.39,28.57,5.87
2019-10-21T12:20:44.164128,22.282,26.98,5.97
2019-10-21T12:40:40.792360,21.894,27.21,5.78
2019-10-21T13:00:42.390761,57.306,27.95,5.95
2019-10-21T13:20:42.490774,22.491,27.97,5.83
2019-10-21T13:40:43.142094,27.054,28.09,5.93
2019-10-21T14:00:42.041983,32.641,28.03,5.99
2019-10-21T14:20:42.493607,23.237,29.05,5.91
2019-10-21T14:40:40.440394,23.093,27.03,5.92
2019-10-21T15:00:42.926053,23.555,28.31,5.86
2019-10-21T15:20:40.734937,22.972,27.57,5.95
2019-10-21T15:40:42.815112,23.345,27.61,5.92
2019-10-21T16:00:42.634155,25.167,28.12,6.03
2019-10-21T16:20:42.615100,23.496,27.24,5.91
2019-10-21T16:40:43.470828,21.719,26.75,5.97
2019-10-21T17:00:41.764715,23.452,28.38,5.96
2019-10-21T17:20:40.766580,23.122,27.66,5.98
2019-10-21T17:40:46.590359,24.159,27.19,5.97
2019-10-21T18:00:43.413708,23.758,28.41,5.97
2019-10-21T18:20:43.059790,24.095,27.80,5.87
2019-10-21T18:40:43.710305,21.556,27.60,5.96
2019-10-21T19:00:45.144809,22.582,27.63,5.95
2019-10-21T19:20:45.332943,22.969,27.22,5.95
2019-10-21T19:40:45.556268,22.45,28.47,5.98
2019-10-21T20:00:43.747861,21.884,27.86,5.94
2019-10-21T20:20:43.297747,22.673,28.15,5.94
2019-10-21T20:40:45.351269,22.61,27.83,5.95
2019-10-21T21:00:42.025782,23.867,27.90,5.87
2019-10-21T21:20:42.041065,22.487,27.26,5.93
2019-10-21T21:40:42.806343,21.843,26.39,6.00
2019-10-21T22:00:41.606367,25.349,27.22,5.97
2019-10-21T22:20:49.989818,26.324,10.20,5.97
2019-10-21T22:40:53.442070,23.359,21.65,3.12
2019-10-21T23:01:05.659882,28.404,18.21,2.99
2019-10-21T23:20:40.523434,22.466,27.33,6.00
2019-10-21T23:40:41.428001,23.85,16.99,5.93
2019-10-22T00:00:42.271178,32.496,26.37,5.88
2019-10-22T00:20:40.807454,23.624,28.07,5.89
2019-10-22T00:40:39.992649,23.84,26.98,5.77
2019-10-22T01:00:40.310994,22.755,27.01,5.96
2019-10-22T01:20:41.322763,24.404,26.84,5.95
2019-10-22T01:40:40.610401,24.349,28.67,5.87
2019-10-22T02:00:42.121773,22.068,27.71,5.97
2019-10-22T02:20:42.516254,22.587,27.42,5.80
2019-10-22T02:40:42.521392,24.882,27.12,5.98
2019-10-22T03:00:46.512727,58.959,28.13,6.02
2019-10-22T03:20:44.970851,23.957,27.56,5.86
2019-10-22T03:40:40.934666,23.109,28.35,5.90
2019-10-22T04:00:40.987377,24.565,27.76,5.86
2019-10-22T04:20:40.993924,25.935,29.01,5.85
2019-10-22T04:40:40.577234,22.21,28.07,5.87
2019-10-22T05:00:41.230584,22.815,27.09,5.94
2019-10-22T05:20:40.274371,25.785,27.92,5.79
2019-10-22T05:40:40.609756,28.274,28.70,5.94
2019-10-22T06:00:42.107548,23.417,28.44,5.99
2019-10-22T06:20:41.307214,22.005,27.64,5.95
2019-10-22T06:40:40.711558,24.108,27.49,5.98
2019-10-22T07:00:43.860009,24.928,27.20,5.85
2019-10-22T07:20:42.958342,21.94,27.79,5.93
2019-10-22T07:40:41.258250,22.241,27.00,6.01
2019-10-22T08:00:43.494486,30.607,28.04,5.93
2019-10-22T08:20:43.125465,22.722,27.93,5.92
2019-10-22T08:40:43.901731,26.997,27.41,5.91
2019-10-22T09:00:45.707560,21.76,28.14,5.98
2019-10-22T09:20:45.837605,26.24,26.93,5.85
2019-10-22T09:40:42.736232,22.796,26.71,6.01
2019-10-22T10:00:40.686460,22.772,27.96,5.92
2019-10-22T10:20:41.236268,26.423,27.93,5.82
2019-10-22T10:40:41.826569,25.091,27.83,5.99
2019-10-22T11:00:42.810008,21.213,27.89,5.92
2019-10-22T11:20:44.633588,23.931,26.77,5.86
2019-10-22T11:40:45.759857,89.404,28.44,5.98
2019-10-22T12:00:44.102352,25.296,28.38,5.95
2019-10-22T12:20:43.630290,25.969,28.20,5.93
2019-10-22T12:40:46.759746,23.97,26.67,5.97
2019-10-22T13:00:43.490213,24.749,28.42,5.97
2019-10-22T13:20:41.869873,22.469,27.84,5.95
2019-10-22T13:40:43.218365,22.832,27.21,5.92
2019-10-22T14:00:42.487181,27.713,28.22,5.95
2019-10-22T14:20:43.678355,27.566,28.01,5.96
2019-10-22T14:40:42.355588,24.451,27.61,6.02
2019-10-22T15:00:43.176667,21.944,26.85,6.03
2019-10-22T15:20:40.347446,23.21,27.90,5.95
2019-10-22T15:40:43.860607,21.997,27.13,5.97
2019-10-22T16:00:41.398477,22.192,27.44,5.83
2019-10-22T16:20:46.190236,24.13,28.45,5.99
2019-10-22T16:40:42.244814,23.772,26.87,5.94
2019-10-22T17:00:43.323118,31.81,27.52,6.01
2019-10-22T17:20:41.370014,22.266,23.52,5.94
2019-10-22T17:40:40.839991,37.695,27.29,5.92
2019-10-22T18:00:40.052190,23.816,26.23,5.55
2019-10-22T18:20:40.608092,21.97,29.23,5.98
2019-10-22T18:40:40.595173,23.992,27.36,5.92
2019-10-22T19:00:40.510011,23.779,27.18,5.99
2019-10-22T19:20:40.268263,21.55,26.80,6.00
2019-10-22T19:40:39.806852,23.167,27.84,5.97
2019-10-22T20:00:40.876885,26.091,27.47,5.97
2019-10-22T20:20:41.177322,24.003,27.34,5.69
2019-10-22T20:40:40.316942,24.349,27.22,5.94
2019-10-22T21:00:42.726761,24.638,27.99,6.00
2019-10-22T21:20:41.519997,23.154,27.86,5.35
2019-10-22T21:40:42.467036,22.151,26.36,5.78
2019-10-22T22:00:43.294574,25.182,22.17,5.92
2019-10-22T22:20:41.682857,22.312,27.60,5.91
2019-10-22T22:40:42.655519,25.852,27.22,5.97
2019-10-22T23:00:41.549722,21.953,17.98,5.89
2019-10-22T23:20:42.925121,22.927,24.36,6.01
2019-10-22T23:40:42.448574,21.823,27.11,6.01
2019-10-23T00:00:43.127172,22.841,26.53,6.00
2019-10-23T00:20:42.745158,21.877,27.73,5.83
2019-10-23T00:40:45.350006,67.975,27.45,6.00
2019-10-23T01:00:43.414460,21.577,28.17,5.93
2019-10-23T01:20:45.514677,22.904,27.06,5.85
2019-10-23T01:40:41.700800,22.939,27.38,5.86
2019-10-23T02:00:41.288403,22.71,27.79,5.80
2019-10-23T02:20:40.597551,23.607,27.83,6.00
2019-10-23T02:40:42.138426,23.741,28.51,5.92
2019-10-23T03:00:41.811796,24.198,27.48,5.93
2019-10-23T03:20:41.697927,23.203,28.15,5.96
2019-10-23T03:40:40.590791,23.604,27.58,5.91
2019-10-23T04:00:41.452482,22.29,27.09,5.96
2019-10-23T04:20:40.731555,22.758,27.43,5.90
2019-10-23T04:40:41.465985,24.322,28.27,5.96
2019-10-23T05:00:40.760906,23.927,28.23,5.97
2019-10-23T05:20:40.537650,22.784,27.49,5.83
2019-10-23T05:40:41.585429,22.451,28.00,6.00
2019-10-23T06:00:40.998534,30.249,27.69,5.96
2019-10-23T06:20:40.894853,21.829,27.32,5.92
2019-10-23T06:40:41.923049,53.3,27.81,5.99
2019-10-23T07:00:43.857946,25.14,27.94,5.59
2019-10-23T07:20:42.754475,23.531,27.75,5.95
2019-10-23T07:40:43.820791,21.789,27.54,5.89
2019-10-23T08:00:44.917654,55.865,27.18,5.54
2019-10-23T08:20:43.977992,22.61,28.23,5.83
2019-10-23T08:40:41.325294,23.472,26.61,5.95
2019-10-23T09:00:41.207583,21.637,27.58,5.92
2019-10-23T09:20:44.265794,22.829,27.18,5.98
2019-10-23T09:40:42.539856,22.724,28.13,5.99
2019-10-23T10:00:43.846530,24.338,27.39,5.87
2019-10-23T10:20:40.929087,22.927,28.01,5.95
2019-10-23T10:40:43.516310,25.463,27.20,5.86
2019-10-23T11:00:45.628957,170.325,28.14,5.93
2019-10-23T11:20:41.394472,31.403,26.77,5.93
2019-10-23T11:40:42.999595,23.544,27.40,5.96
2019-10-23T12:00:40.345612,23.695,28.82,6.04
2019-10-23T12:20:45.894749,27.533,27.62,6.02
2019-10-23T12:40:41.509433,25.73,27.65,5.91
2019-10-23T13:00:41.608266,21.737,27.93,5.91
2019-10-23T13:20:42.396599,22.013,27.05,5.96
2019-10-23T13:40:42.428487,25.729,27.83,5.93
2019-10-23T14:00:43.256383,28.173,28.05,5.89
2019-10-23T14:20:44.117634,47.918,28.16,6.00
2019-10-23T14:40:40.724680,27.653,28.34,5.79
2019-10-23T15:00:42.879581,26.491,28.17,5.46
2019-10-23T15:20:42.500669,24.121,27.52,6.00
2019-10-23T15:40:42.037152,24.852,27.95,5.88
2019-10-23T16:00:45.421994,23.392,27.50,5.99
2019-10-23T16:20:46.392625,24.717,27.13,6.00
2019-10-23T16:40:50.476821,30.321,15.95,5.81
2019-10-23T17:00:52.591018,27.295,9.48,5.85
2019-10-23T17:20:51.847155,22.082,14.70,4.35
2019-10-23T17:40:50.676088,23.254,11.64,5.98
2019-10-23T18:00:44.459558,24.179,28.79,5.08
2019-10-23T18:20:43.309559,21.668,27.42,5.98
2019-10-23T18:40:43.246852,26.446,27.51,6.00
2019-10-23T19:00:43.217996,22.491,27.21,6.03
2019-10-23T19:20:44.212533,22.613,27.44,5.87
2019-10-23T19:40:42.956896,25.185,26.93,5.96
2019-10-23T20:00:43.269338,22.57,27.56,5.96
2019-10-23T20:20:46.702283,156.604,26.55,5.89
2019-10-23T20:40:45.103367,61.065,27.95,5.95
2019-10-23T21:00:43.117510,22.348,28.24,6.05
2019-10-23T21:20:45.930952,43.759,28.34,5.99
2019-10-23T21:40:45.587363,23.571,28.15,5.89
2019-10-23T22:00:45.989451,24.597,24.01,5.92
2019-10-23T22:20:45.257600,25.529,27.15,6.01
2019-10-23T22:40:42.020125,22.083,28.75,5.99
2019-10-23T23:00:46.879983,181.936,28.06,5.93
2019-10-23T23:20:42.767198,21.596,27.38,5.91
2019-10-23T23:40:45.261024,22.651,28.20,5.93
2019-10-24T00:00:45.095134,22.902,26.74,6.00
2019-10-24T00:20:45.663482,65.392,27.72,5.40
2019-10-24T00:40:41.761308,23.336,28.24,5.95
2019-10-24T01:00:42.130142,22.431,27.59,6.00
2019-10-24T01:20:41.402263,22.837,26.90,6.00
2019-10-24T01:40:41.582251,59.658,27.83,5.84
2019-10-24T02:00:43.098574,23.509,28.31,5.92
2019-10-24T02:20:41.101413,22.355,27.33,5.88
2019-10-24T02:40:41.061894,23.168,27.56,6.01
2019-10-24T03:00:40.669900,23.783,27.91,5.97
2019-10-24T03:20:40.076529,23.176,28.02,5.99
2019-10-24T03:40:40.133781,27.463,27.81,5.48
